meas,index,voice,loc,tick,sec,dur,rval,dots,sci_pitch,dmark,dlevel,status,d0,d1,bar,section,bpm,grace,pedal
,1,,,0,0.000000,,,,,,,176,64,20,,,,,
,2,,,0,0.002604,,,,,,,176,64,19,,,,,
,3,,,0,0.052080,,,,,,,176,64,18,,,,,
,4,,,0,0.062496,,,,,,,176,64,19,,,,,
,5,,,0,0.083328,,,,,,,176,67,28,,,,,
,6,,,0,0.093744,,,,,,,176,67,27,,,,,
,7,,,0,0.104160,,,,,,,176,67,28,,,,,
,8,,,0,0.111972,,,,,,,176,67,27,,,,,
,9,,,0,0.153636,,,,,,,176,64,18,,,,,
,10,,,0,0.164052,,,,,,,176,64,19,,,,,
,11,,,0,0.192696,,,,,,,176,67,28,,,,,
,12,,,0,0.203112,,,,,,,176,64,18,,,,,
,13,,,0,0.203112,,,,,,,176,67,27,,,,,
,14,,,0,0.213528,,,,,,,176,64,19,,,,,
,15,,,0,0.263004,,,,,,,176,64,18,,,,,
,16,,,0,0.273420,,,,,,,176,64,19,,,,,
,17,,,0,0.312480,,,,,,,176,64,20,,,,,
,18,,,0,0.322896,,,,,,,176,64,19,,,,,
,19,,,0,0.403620,,,,,,,176,64,20,,,,,
,20,,,0,0.414036,,,,,,,176,64,19,,,,,
,21,,,0,0.432264,,,,,,,176,64,20,,,,,
,22,,,0,0.442680,,,,,,,176,64,19,,,,,
,23,,,0,0.463512,,,,,,,176,64,18,,,,,
,24,,,0,0.481740,,,,,,,176,64,17,,,,,
,25,,,0,0.512988,,,,,,,176,64,16,,,,,
,26,,,0,0.512988,,,,,,,176,67,26,,,,,
,27,,,0,0.523404,,,,,,,176,64,15,,,,,
,28,,,0,0.523404,,,,,,,176,67,27,,,,,
,29,,,0,0.533820,,,,,,,176,64,17,,,,,
,30,,,0,0.544236,,,,,,,176,64,16,,,,,
,31,,,0,0.552048,,,,,,,176,64,15,,,,,
,32,,,0,0.562464,,,,,,,176,67,26,,,,,
,33,,,0,0.572880,,,,,,,176,67,27,,,,,
,34,,,0,0.583296,,,,,,,176,67,26,,,,,
,35,,,0,0.593712,,,,,,,176,64,16,,,,,
,36,,,0,0.593712,,,,,,,176,67,27,,,,,
,37,,,0,0.604128,,,,,,,176,64,15,,,,,
,38,,,0,0.604128,,,,,,,176,67,26,,,,,
,39,,,0,0.611940,,,,,,,176,67,27,,,,,
,40,,,0,0.622356,,,,,,,176,64,16,,,,,
,41,,,0,0.624960,,,,,,,176,67,26,,,,,
,42,,,0,0.632772,,,,,,,176,64,15,,,,,
,43,,,0,0.632772,,,,,,,176,67,25,,,,,
,44,,,0,0.643188,,,,,,,176,64,16,,,,,
,45,,,0,0.643188,,,,,,,176,67,27,,,,,
,46,,,0,0.653604,,,,,,,176,67,26,,,,,
,47,,,0,0.664020,,,,,,,176,64,15,,,,,
,48,,,0,0.682248,,,,,,,176,64,16,,,,,
,49,,,0,0.684852,,,,,,,176,67,27,,,,,
,50,,,0,0.692664,,,,,,,176,64,15,,,,,
,51,,,0,0.695268,,,,,,,176,67,26,,,,,
,52,,,0,0.703080,,,,,,,176,64,16,,,,,
,53,,,0,0.703080,,,,,,,176,67,27,,,,,
,54,,,0,0.713496,,,,,,,176,64,15,,,,,
,55,,,0,0.713496,,,,,,,176,67,26,,,,,
,56,,,0,0.731724,,,,,,,176,64,16,,,,,
,57,,,0,0.734328,,,,,,,176,67,27,,,,,
,58,,,0,0.742140,,,,,,,176,64,14,,,,,
,59,,,0,0.744744,,,,,,,176,67,26,,,,,
,60,,,0,0.752556,,,,,,,176,64,15,,,,,
,61,,,0,0.755160,,,,,,,176,67,27,,,,,
,62,,,0,0.762972,,,,,,,176,64,12,,,,,
,63,,,0,0.762972,,,,,,,176,67,26,,,,,
,64,,,0,0.773388,,,,,,,176,67,27,,,,,
,65,,,0,0.786408,,,,,,,176,67,25,,,,,
,66,,,0,0.794220,,,,,,,176,64,11,,,,,
,67,,,0,0.796824,,,,,,,176,67,26,,,,,
,68,,,0,0.802032,,,,,,,176,64,12,,,,,
,69,,,0,0.822864,,,,,,,176,64,11,,,,,
,70,,,0,0.822864,,,,,,,176,67,27,,,,,
,71,,,0,0.833280,,,,,,,176,64,9,,,,,
,72,,,0,0.843696,,,,,,,176,64,8,,,,,
,73,,,0,0.843696,,,,,,,176,67,26,,,,,
,74,,,0,0.854112,,,,,,,176,67,27,,,,,
,75,,,0,0.882756,,,,,,,176,67,26,,,,,
,76,,,0,0.893172,,,,,,,176,64,7,,,,,
,77,,,0,0.893172,,,,,,,176,67,27,,,,,
,78,,,0,0.903588,,,,,,,176,64,8,,,,,
,79,,,0,0.903588,,,,,,,176,67,26,,,,,
,80,,,0,0.914004,,,,,,,176,64,7,,,,,
,81,,,0,0.921816,,,,,,,176,64,8,,,,,
,82,,,0,0.924420,,,,,,,176,67,27,,,,,
,83,,,0,0.942648,,,,,,,176,67,26,,,,,
,84,,,0,0.953064,,,,,,,176,64,7,,,,,
,85,,,0,0.955668,,,,,,,176,67,27,,,,,
,86,,,0,0.973896,,,,,,,176,64,8,,,,,
,87,,,0,0.973896,,,,,,,176,67,26,,,,,
,88,,,0,0.992124,,,,,,,176,67,27,,,,,
,89,,,0,1.023372,,,,,,,176,64,7,,,,,
,90,,,0,1.033788,,,,,,,176,64,8,,,,,
,91,,,0,1.044204,,,,,,,176,64,7,,,,,
,92,,,0,1.054620,,,,,,,176,64,8,,,,,
,93,,,0,1.062432,,,,,,,176,64,7,,,,,
,94,,,0,1.083264,,,,,,,176,64,8,,,,,
,95,,,0,1.104096,,,,,,,176,64,7,,,,,
,96,,,0,1.111908,,,,,,,176,64,8,,,,,
,97,,,0,1.132740,,,,,,,176,64,7,,,,,
,98,,,0,1.153572,,,,,,,176,64,8,,,,,
,99,,,0,1.213464,,,,,,,176,64,7,,,,,
,100,,,0,1.223880,,,,,,,176,64,8,,,,,
,101,,,0,1.242108,,,,,,,176,64,7,,,,,
,102,,,0,1.252524,,,,,,,176,64,8,,,,,
,103,,,0,1.273356,,,,,,,176,64,7,,,,,
,104,,,0,1.283772,,,,,,,176,64,8,,,,,
,105,,,0,1.322832,,,,,,,176,64,7,,,,,
,106,,,0,1.333248,,,,,,,176,64,8,,,,,
,107,,,0,1.354080,,,,,,,176,64,7,,,,,
,108,,,0,1.361892,,,,,,,176,64,8,,,,,
,109,,,0,1.382724,,,,,,,176,64,7,,,,,
,110,,,0,1.393140,,,,,,,176,64,8,,,,,
,111,,,0,1.413972,,,,,,,176,64,7,,,,,
,112,,,0,1.421784,,,,,,,176,64,8,,,,,
,113,,,0,1.432200,,,,,,,176,64,7,,,,,
,114,,,0,1.442616,,,,,,,176,64,8,,,,,
,115,,,0,1.473864,,,,,,,176,64,7,,,,,
,116,,,0,1.492092,,,,,,,176,64,8,,,,,
,117,,,0,1.502508,,,,,,,176,67,26,,,,,
,118,,,0,1.512924,,,,,,,176,67,27,,,,,
,119,,,0,1.593648,,,,,,,176,64,7,,,,,
,120,,,0,1.604064,,,,,,,176,64,8,,,,,
,121,,,0,1.632708,,,,,,,176,64,7,,,,,
,122,,,0,1.643124,,,,,,,176,64,8,,,,,
,123,,,0,1.663956,,,,,,,176,67,26,,,,,
,124,,,0,1.671768,,,,,,,176,64,7,,,,,
,125,,,0,1.682184,,,,,,,176,64,8,,,,,
,126,,,0,1.684788,,,,,,,176,67,27,,,,,
,127,,,0,1.703016,,,,,,,176,64,7,,,,,
,128,,,0,1.703016,,,,,,,176,67,26,,,,,
,129,,,0,1.713432,,,,,,,176,64,8,,,,,
,130,,,0,1.731660,,,,,,,176,67,27,,,,,
,131,,,0,1.742076,,,,,,,176,64,7,,,,,
,132,,,0,1.744680,,,,,,,176,67,26,,,,,
,133,,,0,1.755096,,,,,,,176,64,8,,,,,
,134,,,0,1.794156,,,,,,,176,64,7,,,,,
,135,,,0,1.794156,,,,,,,176,67,27,,,,,
,136,,,0,1.801968,,,,,,,176,64,8,,,,,
,137,,,0,1.804572,,,,,,,176,67,26,,,,,
,138,,,0,1.822800,,,,,,,176,64,7,,,,,
,139,,,0,1.833216,,,,,,,176,64,8,,,,,
,140,,,0,1.843632,,,,,,,176,67,27,,,,,
,141,,,0,1.854048,,,,,,,176,67,26,,,,,
,142,,,0,1.874880,,,,,,,176,64,7,,,,,
,143,,,0,1.874880,,,,,,,176,67,27,,,,,
,144,,,0,1.882692,,,,,,,176,64,8,,,,,
,145,,,0,1.882692,,,,,,,176,67,26,,,,,
,146,,,0,1.893108,,,,,,,176,67,27,,,,,
,147,,,0,1.913940,,,,,,,176,64,7,,,,,
,148,,,0,1.916544,,,,,,,176,67,26,,,,,
,149,,,0,1.921752,,,,,,,176,64,8,,,,,
,150,,,0,1.924356,,,,,,,176,67,27,,,,,
,151,,,0,1.942584,,,,,,,176,64,7,,,,,
,152,,,0,1.955604,,,,,,,176,64,8,,,,,
,153,,,0,1.955604,,,,,,,176,67,26,,,,,
,154,,,0,1.963416,,,,,,,176,67,27,,,,,
,155,,,0,1.981644,,,,,,,176,64,7,,,,,
,156,,,0,1.994664,,,,,,,176,64,8,,,,,
,157,,,0,2.044140,,,,,,,176,64,7,,,,,
,158,,,0,2.051952,,,,,,,176,64,8,,,,,
,159,,,0,2.072784,,,,,,,176,64,7,,,,,
,160,,,0,2.083200,,,,,,,176,64,8,,,,,
,161,,,0,2.124864,,,,,,,176,64,7,,,,,
,162,,,0,2.143092,,,,,,,176,64,8,,,,,
,163,,,0,2.153508,,,,,,,176,64,7,,,,,
,164,,,0,2.163924,,,,,,,176,64,8,,,,,
,165,,,0,2.171736,,,,,,,176,64,7,,,,,
,166,,,0,2.195172,,,,,,,176,64,8,,,,,
,167,,,0,2.223816,,,,,,,176,64,7,,,,,
,168,,,0,2.242044,,,,,,,176,64,8,,,,,
,169,,,0,2.252460,,,,,,,176,64,7,,,,,
,170,,,0,2.275896,,,,,,,176,64,8,,,,,
,171,,,0,2.312352,,,,,,,176,64,7,,,,,
,172,,,0,2.333184,,,,,,,176,64,8,,,,,
,173,,,0,2.343600,,,,,,,176,64,7,,,,,
,174,,,0,2.354016,,,,,,,176,64,8,,,,,
,175,,,0,2.361828,,,,,,,176,64,7,,,,,
,176,,,0,2.382660,,,,,,,176,64,8,,,,,
,177,,,0,2.413908,,,,,,,176,64,7,,,,,
,178,,,0,2.432136,,,,,,,176,64,8,,,,,
,179,,,0,2.452968,,,,,,,176,64,7,,,,,
,180,,,0,2.473800,,,,,,,176,64,8,,,,,
,181,,,0,2.481612,,,,,,,176,64,7,,,,,
,182,,,0,2.492028,,,,,,,176,64,8,,,,,
,183,,,0,2.502444,,,,,,,176,64,7,,,,,
,184,,,0,2.523276,,,,,,,176,64,8,,,,,
,185,,,0,2.533692,,,,,,,176,64,7,,,,,
,186,,,0,2.562336,,,,,,,176,64,8,,,,,
,187,,,0,2.572752,,,,,,,176,64,7,,,,,
,188,,,0,2.583168,,,,,,,176,64,8,,,,,
,189,,,0,2.593584,,,,,,,176,64,7,,,,,
,190,,,0,2.604000,,,,,,,176,64,8,,,,,
,191,,,0,2.632644,,,,,,,176,64,7,,,,,
,192,,,0,2.643060,,,,,,,176,64,8,,,,,
,193,,,0,2.682120,,,,,,,176,64,7,,,,,
,194,,,0,2.713368,,,,,,,176,64,8,,,,,
,195,,,0,2.791488,,,,,,,176,64,7,,,,,
,196,,,0,2.801904,,,,,,,176,64,8,,,,,
,197,,,0,2.872212,,,,,,,176,64,7,,,,,
,198,,,0,2.882628,,,,,,,176,64,8,,,,,
,199,,,0,2.921688,,,,,,,176,64,7,,,,,
,200,,,0,2.932104,,,,,,,176,64,8,,,,,
,201,,,0,2.973768,,,,,,,176,67,26,,,,,
,202,,,0,2.981580,,,,,,,176,67,27,,,,,
,203,,,0,3.041472,,,,,,,176,64,7,,,,,
,204,,,0,3.072720,,,,,,,176,64,8,,,,,
,205,,,0,3.111780,,,,,,,176,64,7,,,,,
,206,,,0,3.132612,,,,,,,176,64,8,,,,,
,207,,,0,3.143028,,,,,,,176,64,7,,,,,
,208,,,0,3.153444,,,,,,,176,64,8,,,,,
,209,,,0,3.163860,,,,,,,176,67,26,,,,,
,210,,,0,3.171672,,,,,,,176,67,27,,,,,
,211,,,0,3.202920,,,,,,,176,64,7,,,,,
,212,,,0,3.213336,,,,,,,176,64,8,,,,,
,213,,,0,3.223752,,,,,,,176,64,7,,,,,
,214,,,0,3.231564,,,,,,,176,64,8,,,,,
,215,,,0,3.283644,,,,,,,176,64,7,,,,,
,216,,,0,3.291456,,,,,,,176,64,8,,,,,
,217,,,0,3.333120,,,,,,,176,64,7,,,,,
,218,,,0,3.343536,,,,,,,176,64,8,,,,,
,219,,,0,3.364368,,,,,,,176,64,7,,,,,
,220,,,0,3.372180,,,,,,,176,64,8,,,,,
,221,,,0,3.382596,,,,,,,176,64,7,,,,,
,222,,,0,3.393012,,,,,,,176,64,8,,,,,
,223,,,0,3.442488,,,,,,,176,64,7,,,,,
,224,,,0,3.452904,,,,,,,176,64,8,,,,,
,225,,,0,3.463320,,,,,,,176,64,7,,,,,
,226,,,0,3.473736,,,,,,,176,64,8,,,,,
,227,,,0,3.491964,,,,,,,176,64,7,,,,,
,228,,,0,3.502380,,,,,,,176,64,8,,,,,
,229,,,0,3.533628,,,,,,,176,64,7,,,,,
,230,,,0,3.544044,,,,,,,176,64,8,,,,,
,231,,,0,3.551856,,,,,,,176,64,7,,,,,
,232,,,0,3.562272,,,,,,,176,64,8,,,,,
,233,,,0,3.603936,,,,,,,176,64,7,,,,,
,234,,,0,3.611748,,,,,,,176,64,8,,,,,
,235,,,0,3.624768,,,,,,,176,64,7,,,,,
,236,,,0,3.632580,,,,,,,176,64,8,,,,,
,237,,,0,3.642996,,,,,,,176,64,7,,,,,
,238,,,0,3.653412,,,,,,,176,64,8,,,,,
,239,,,0,3.682056,,,,,,,176,64,7,,,,,
,240,,,0,3.702888,,,,,,,176,64,8,,,,,
,241,,,0,3.752364,,,,,,,176,64,7,,,,,
,242,,,0,3.762780,,,,,,,176,64,8,,,,,
,243,,,0,3.822672,,,,,,,176,64,7,,,,,
,244,,,0,3.843504,,,,,,,176,64,8,,,,,
,245,,,0,3.853920,,,,,,,176,64,7,,,,,
,246,,,0,3.861732,,,,,,,176,64,8,,,,,
,247,,,0,3.921624,,,,,,,176,64,7,,,,,
,248,,,0,3.952872,,,,,,,176,64,8,,,,,
,249,,,0,3.973704,,,,,,,176,64,7,,,,,
,250,,,0,3.981516,,,,,,,176,64,8,,,,,
,251,,,0,3.984120,,,,,,,176,67,26,,,,,
,252,,,0,3.991932,,,,,,,176,64,7,,,,,
,253,,,0,3.994536,,,,,,,176,67,27,,,,,
,254,,,0,4.002348,,,,,,,176,64,8,,,,,
,255,,,0,4.012764,,,,,,,176,64,7,,,,,
,256,,,0,4.023180,,,,,,,176,64,8,,,,,
,257,,,0,4.041408,,,,,,,176,64,7,,,,,
,258,,,0,4.062240,,,,,,,176,64,8,,,,,
,259,,,0,4.072656,,,,,,,176,64,7,,,,,
,260,,,0,4.093488,,,,,,,176,64,8,,,,,
,261,,,0,4.103904,,,,,,,176,64,7,,,,,
,262,,,0,4.111716,,,,,,,176,64,8,,,,,
,263,,,0,4.122132,,,,,,,176,64,7,,,,,
,264,,,0,4.132548,,,,,,,176,64,8,,,,,
,265,,,0,4.153380,,,,,,,176,64,7,,,,,
,266,,,0,4.163796,,,,,,,176,64,8,,,,,
,267,,,0,4.182024,,,,,,,176,64,7,,,,,
,268,,,0,4.192440,,,,,,,176,64,8,,,,,
,269,,,0,4.273164,,,,,,,176,64,7,,,,,
,270,,,0,4.283580,,,,,,,176,64,8,,,,,
,271,,,0,4.322640,,,,,,,176,64,7,,,,,
,272,,,0,4.333056,,,,,,,176,64,8,,,,,
,273,,,0,4.382532,,,,,,,176,64,7,,,,,
,274,,,0,4.392948,,,,,,,176,64,8,,,,,
,275,,,0,4.403364,,,,,,,176,64,7,,,,,
,276,,,0,4.421592,,,,,,,176,64,8,,,,,
,277,,,0,4.432008,,,,,,,176,67,26,,,,,
,278,,,0,4.442424,,,,,,,176,67,27,,,,,
,279,,,0,4.452840,,,,,,,176,64,7,,,,,
,280,,,0,4.463256,,,,,,,176,64,8,,,,,
,281,,,0,4.593456,,,,,,,176,64,7,,,,,
,282,,,0,4.603872,,,,,,,176,64,8,,,,,
,283,,,0,4.622100,,,,,,,176,64,7,,,,,
,284,,,0,4.632516,,,,,,,176,64,8,,,,,
,285,,,0,4.713240,,,,,,,176,64,7,,,,,
,286,,,0,4.723656,,,,,,,176,64,8,,,,,
,287,,,0,4.731468,,,,,,,176,64,7,,,,,
,288,,,0,4.741884,,,,,,,176,64,8,,,,,
,289,,,0,4.773132,,,,,,,176,64,7,,,,,
,290,,,0,4.783548,,,,,,,176,64,8,,,,,
,291,,,0,4.812192,,,,,,,176,64,7,,,,,
,292,,,0,4.822608,,,,,,,176,64,8,,,,,
,293,,,0,4.882500,,,,,,,176,67,26,,,,,
,294,,,0,4.903332,,,,,,,176,64,7,,,,,
,295,,,0,4.921560,,,,,,,176,64,8,,,,,
,296,,,0,4.942392,,,,,,,176,64,7,,,,,
,297,,,0,4.944996,,,,,,,176,67,23,,,,,
,298,,,0,4.955412,,,,,,,176,67,22,,,,,
,299,,,0,4.963224,,,,,,,176,64,8,,,,,
,300,,,0,4.963224,,,,,,,176,67,21,,,,,
,301,,,0,4.973640,,,,,,,176,67,22,,,,,
,302,,,0,4.981452,,,,,,,176,67,21,,,,,
,303,,,0,4.991868,,,,,,,176,64,7,,,,,
,304,,,0,5.023116,,,,,,,176,64,8,,,,,
,305,,,0,5.043948,,,,,,,176,64,7,,,,,
,306,,,0,5.043948,,,,,,,176,67,20,,,,,
,307,,,0,5.051760,,,,,,,176,64,8,,,,,
,308,,,0,5.054364,,,,,,,176,67,21,,,,,
,309,,,0,5.062176,,,,,,,176,64,7,,,,,
,310,,,0,5.072592,,,,,,,176,64,8,,,,,
,311,,,0,5.083008,,,,,,,176,64,7,,,,,
,312,,,0,5.093424,,,,,,,176,64,8,,,,,
,313,,,0,5.122068,,,,,,,176,64,7,,,,,
,314,,,0,5.132484,,,,,,,176,64,8,,,,,
,315,,,0,5.142900,,,,,,,176,64,7,,,,,
,316,,,0,5.153316,,,,,,,176,64,8,,,,,
,317,,,0,5.171544,,,,,,,176,64,7,,,,,
,318,,,0,5.192376,,,,,,,176,64,8,,,,,
,319,,,0,5.192376,,,,,,,176,67,26,,,,,
,320,,,0,5.202792,,,,,,,176,67,21,,,,,
,321,,,0,5.223624,,,,,,,176,67,24,,,,,
,322,,,0,5.231436,,,,,,,176,64,7,,,,,
,323,,,0,5.234040,,,,,,,176,67,22,,,,,
,324,,,0,5.241852,,,,,,,176,64,8,,,,,
,325,,,0,5.244456,,,,,,,176,67,25,,,,,
,326,,,0,5.252268,,,,,,,176,67,22,,,,,
,327,,,0,5.262684,,,,,,,176,67,25,,,,,
,328,,,0,5.273100,,,,,,,176,67,26,,,,,
,329,,,0,5.283516,,,,,,,176,64,7,,,,,
,330,,,0,5.283516,,,,,,,176,67,25,,,,,
,331,,,0,5.291328,,,,,,,176,64,8,,,,,
,332,,,0,5.293932,,,,,,,176,67,24,,,,,
,333,,,0,5.301744,,,,,,,176,67,26,,,,,
,334,,,0,5.312160,,,,,,,176,67,23,,,,,
,335,,,0,5.322576,,,,,,,176,67,24,,,,,
,336,,,0,5.332992,,,,,,,176,67,25,,,,,
,337,,,0,5.343408,,,,,,,176,67,24,,,,,
,338,,,0,5.353824,,,,,,,176,67,25,,,,,
,339,,,0,5.364240,,,,,,,176,64,7,,,,,
,340,,,0,5.364240,,,,,,,176,67,26,,,,,
,341,,,0,5.382468,,,,,,,176,64,8,,,,,
,342,,,0,5.382468,,,,,,,176,67,21,,,,,
,343,,,0,5.392884,,,,,,,176,67,24,,,,,
,344,,,0,5.403300,,,,,,,176,67,21,,,,,
,345,,,0,5.413716,,,,,,,176,67,22,,,,,
,346,,,0,5.421528,,,,,,,176,67,21,,,,,
,347,,,0,5.442360,,,,,,,176,64,7,,,,,
,348,,,0,5.442360,,,,,,,176,67,20,,,,,
,349,,,0,5.452776,,,,,,,176,64,8,,,,,
,350,,,0,5.463192,,,,,,,176,67,21,,,,,
,351,,,0,5.473608,,,,,,,176,64,7,,,,,
,352,,,0,5.481420,,,,,,,176,64,8,,,,,
,353,,,0,5.502252,,,,,,,176,67,20,,,,,
,354,,,0,5.512668,,,,,,,176,64,7,,,,,
,355,,,0,5.515272,,,,,,,176,67,21,,,,,
,356,,,0,5.523084,,,,,,,176,64,8,,,,,
,357,,,0,5.523084,,,,,,,176,67,20,,,,,
,358,,,0,5.533500,,,,,,,176,64,7,,,,,
,359,,,0,5.533500,,,,,,,176,67,21,,,,,
,360,,,0,5.541312,,,,,,,176,64,8,,,,,
,361,,,0,5.543916,,,,,,,176,67,23,,,,,
,362,,,0,5.551728,,,,,,,176,67,21,,,,,
,363,,,0,5.642868,,,,,,,176,64,7,,,,,
,364,,,0,5.653284,,,,,,,176,64,8,,,,,
,365,,,0,5.653284,,,,,,,176,67,20,,,,,
,366,,,0,5.663700,,,,,,,176,67,21,,,,,
,367,,,0,5.692344,,,,,,,176,67,22,,,,,
,368,,,0,5.702760,,,,,,,176,64,7,,,,,
,369,,,0,5.702760,,,,,,,176,67,20,,,,,
,370,,,0,5.713176,,,,,,,176,64,8,,,,,
,371,,,0,5.713176,,,,,,,176,67,21,,,,,
,372,,,0,5.723592,,,,,,,176,64,7,,,,,
,373,,,0,5.723592,,,,,,,176,67,20,,,,,
,374,,,0,5.731404,,,,,,,176,64,8,,,,,
,375,,,0,5.734008,,,,,,,176,67,21,,,,,
,376,,,0,5.773068,,,,,,,176,64,7,,,,,
,377,,,0,5.783484,,,,,,,176,64,8,,,,,
,378,,,0,5.832960,,,,,,,176,67,20,,,,,
,379,,,0,5.843376,,,,,,,176,67,21,,,,,
,380,,,0,5.872020,,,,,,,176,64,7,,,,,
,381,,,0,5.882436,,,,,,,176,64,8,,,,,
,382,,,0,5.892852,,,,,,,176,64,7,,,,,
,383,,,0,5.903268,,,,,,,176,64,8,,,,,
,384,,,0,5.921496,,,,,,,176,64,7,,,,,
,385,,,0,5.924100,,,,,,,176,67,20,,,,,
,386,,,0,5.931912,,,,,,,176,64,8,,,,,
,387,,,0,5.934516,,,,,,,176,67,21,,,,,
,388,,,0,5.942328,,,,,,,176,64,7,,,,,
,389,,,0,5.952744,,,,,,,176,64,8,,,,,
,390,,,0,5.963160,,,,,,,176,64,7,,,,,
,391,,,0,5.973576,,,,,,,176,64,8,,,,,
,392,,,0,6.002220,,,,,,,176,64,7,,,,,
,393,,,0,6.041280,,,,,,,176,64,8,,,,,
,394,,,0,6.051696,,,,,,,176,64,7,,,,,
,395,,,0,6.054300,,,,,,,176,67,20,,,,,
,396,,,0,6.062112,,,,,,,176,64,8,,,,,
,397,,,0,6.064716,,,,,,,176,67,21,,,,,
,398,,,0,6.072528,,,,,,,176,64,7,,,,,
,399,,,0,6.093360,,,,,,,176,64,8,,,,,
,400,,,0,6.093360,,,,,,,176,67,20,,,,,
,401,,,0,6.103776,,,,,,,176,64,7,,,,,
,402,,,0,6.106380,,,,,,,176,67,21,,,,,
,403,,,0,6.111588,,,,,,,176,64,8,,,,,
,404,,,0,6.114192,,,,,,,176,67,20,,,,,
,405,,,0,6.122004,,,,,,,176,64,7,,,,,
,406,,,0,6.124608,,,,,,,176,67,21,,,,,
,407,,,0,6.142836,,,,,,,176,64,8,,,,,
,408,,,0,6.163668,,,,,,,176,64,7,,,,,
,409,,,0,6.171480,,,,,,,176,64,8,,,,,
,410,,,0,6.184500,,,,,,,176,64,7,,,,,
,411,,,0,6.187104,,,,,,,176,67,20,,,,,
,412,,,0,6.194916,,,,,,,176,67,21,,,,,
,413,,,0,6.202728,,,,,,,176,64,8,,,,,
,414,,,0,6.205332,,,,,,,176,67,20,,,,,
,415,,,0,6.213144,,,,,,,176,67,21,,,,,
,416,,,0,6.241788,,,,,,,176,64,7,,,,,
,417,,,0,6.265224,,,,,,,176,64,8,,,,,
,418,,,0,6.291264,,,,,,,176,67,20,,,,,
,419,,,0,6.301680,,,,,,,176,67,21,,,,,
,420,,,0,6.351156,,,,,,,176,64,7,,,,,
,421,,,0,6.374592,,,,,,,176,64,8,,,,,
,422,,,0,6.392820,,,,,,,176,64,7,,,,,
,423,,,0,6.392820,,,,,,,176,67,22,,,,,
,424,,,0,6.403236,,,,,,,176,67,21,,,,,
,425,,,0,6.413652,,,,,,,176,64,8,,,,,
,426,,,0,6.431880,,,,,,,176,64,7,,,,,
,427,,,0,6.442296,,,,,,,176,64,8,,,,,
,428,,,0,6.442296,,,,,,,176,67,20,,,,,
,429,,,0,6.452712,,,,,,,176,67,21,,,,,
,430,,,0,6.463128,,,,,,,176,64,7,,,,,
,431,,,0,6.473544,,,,,,,176,64,8,,,,,
,432,,,0,6.491772,,,,,,,176,64,7,,,,,
,433,,,0,6.502188,,,,,,,176,64,8,,,,,
,434,,,0,6.502188,,,,,,,176,67,22,,,,,
,435,,,0,6.512604,,,,,,,176,64,7,,,,,
,436,,,0,6.512604,,,,,,,176,67,21,,,,,
,437,,,0,6.523020,,,,,,,176,64,8,,,,,
,438,,,0,6.533436,,,,,,,176,67,20,,,,,
,439,,,0,6.541248,,,,,,,176,64,7,,,,,
,440,,,0,6.543852,,,,,,,176,67,21,,,,,
,441,,,0,6.551664,,,,,,,176,64,8,,,,,
,442,,,0,6.572496,,,,,,,176,64,7,,,,,
,443,,,0,6.593328,,,,,,,176,64,8,,,,,
,444,,,0,6.593328,,,,,,,176,67,20,,,,,
,445,,,0,6.601140,,,,,,,176,64,7,,,,,
,446,,,0,6.603744,,,,,,,176,67,21,,,,,
,447,,,0,6.621972,,,,,,,176,64,8,,,,,
,448,,,0,6.642804,,,,,,,176,64,7,,,,,
,449,,,0,6.663636,,,,,,,176,64,8,,,,,
,450,,,0,6.663636,,,,,,,176,67,20,,,,,
,451,,,0,6.671448,,,,,,,176,67,21,,,,,
,452,,,0,6.684468,,,,,,,176,64,7,,,,,
,453,,,0,6.702696,,,,,,,176,64,8,,,,,
,454,,,0,6.702696,,,,,,,176,67,20,,,,,
,455,,,0,6.713112,,,,,,,176,67,21,,,,,
,456,,,0,6.723528,,,,,,,176,64,7,,,,,
,457,,,0,6.723528,,,,,,,176,67,20,,,,,
,458,,,0,6.731340,,,,,,,176,64,8,,,,,
,459,,,0,6.733944,,,,,,,176,67,21,,,,,
,460,,,0,6.752172,,,,,,,176,64,7,,,,,
,461,,,0,6.783420,,,,,,,176,64,8,,,,,
,462,,,0,6.783420,,,,,,,176,67,20,,,,,
,463,,,0,6.804252,,,,,,,176,64,7,,,,,
,464,,,0,6.804252,,,,,,,176,67,21,,,,,
,465,,,0,6.814668,,,,,,,176,67,20,,,,,
,466,,,0,6.822480,,,,,,,176,67,21,,,,,
,467,,,0,6.832896,,,,,,,176,64,8,,,,,
,468,,,0,6.903204,,,,,,,176,64,6,,,,,
,469,,,0,6.903204,,,,,,,176,67,20,,,,,
,470,,,0,6.913620,,,,,,,176,64,8,,,,,
,471,,,0,6.913620,,,,,,,176,67,21,,,,,
,472,,,0,6.921432,,,,,,,176,64,7,,,,,
,473,,,0,6.924036,,,,,,,176,67,20,,,,,
,474,,,0,6.931848,,,,,,,176,67,21,,,,,
,475,,,0,6.942264,,,,,,,176,64,8,,,,,
,476,,,0,6.952680,,,,,,,176,64,7,,,,,
,477,,,0,6.973512,,,,,,,176,64,8,,,,,
,478,,,0,6.973512,,,,,,,176,67,20,,,,,
,479,,,0,6.991740,,,,,,,176,64,7,,,,,
,480,,,0,6.994344,,,,,,,176,67,21,,,,,
,481,,,0,7.002156,,,,,,,176,64,8,,,,,
,482,,,0,7.022988,,,,,,,176,64,7,,,,,
,483,,,0,7.033404,,,,,,,176,64,8,,,,,
,484,,,0,7.072464,,,,,,,176,64,7,,,,,
,485,,,0,7.082880,,,,,,,176,64,8,,,,,
,486,,,0,7.093296,,,,,,,176,64,7,,,,,
,487,,,0,7.103712,,,,,,,176,64,8,,,,,
,488,,,0,7.121940,,,,,,,176,67,20,,,,,
,489,,,0,7.132356,,,,,,,176,67,21,,,,,
,490,,,0,7.153188,,,,,,,176,64,7,,,,,
,491,,,0,7.163604,,,,,,,176,64,8,,,,,
,492,,,0,7.184436,,,,,,,176,64,7,,,,,
,493,,,0,7.192248,,,,,,,176,64,8,,,,,
,494,,,0,7.192248,,,,,,,176,67,20,,,,,
,495,,,0,7.202664,,,,,,,176,67,21,,,,,
,496,,,0,7.213080,,,,,,,176,64,7,,,,,
,497,,,0,7.223496,,,,,,,176,64,8,,,,,
,498,,,0,7.231308,,,,,,,176,64,7,,,,,
,499,,,0,7.241724,,,,,,,176,64,8,,,,,
,500,,,0,7.252140,,,,,,,176,67,20,,,,,
,501,,,0,7.262556,,,,,,,176,67,21,,,,,
,502,,,0,7.283388,,,,,,,176,64,7,,,,,
,503,,,0,7.351092,,,,,,,176,64,8,,,,,
,504,,,0,7.374528,,,,,,,176,64,7,,,,,
,505,,,0,7.382340,,,,,,,176,64,8,,,,,
,506,,,0,7.424004,,,,,,,176,64,7,,,,,
,507,,,0,7.434420,,,,,,,176,64,8,,,,,
,508,,,0,7.442232,,,,,,,176,64,7,,,,,
,509,,,0,7.494312,,,,,,,176,64,8,,,,,
,510,,,0,7.515144,,,,,,,176,64,7,,,,,
,511,,,0,7.525560,,,,,,,176,64,8,,,,,
,512,,,0,7.543788,,,,,,,176,64,7,,,,,
,513,,,0,7.554204,,,,,,,176,64,8,,,,,
,514,,,0,7.562016,,,,,,,176,64,7,,,,,
,515,,,0,7.572432,,,,,,,176,64,8,,,,,
,516,,,0,7.595868,,,,,,,176,64,7,,,,,
,517,,,0,7.614096,,,,,,,176,64,8,,,,,
,518,,,0,7.632324,,,,,,,176,64,7,,,,,
,519,,,0,7.642740,,,,,,,176,64,8,,,,,
,520,,,0,7.642740,,,,,,,176,67,20,,,,,
,521,,,0,7.653156,,,,,,,176,67,21,,,,,
,522,,,0,7.705236,,,,,,,176,64,7,,,,,
,523,,,0,7.713048,,,,,,,176,64,8,,,,,
,524,,,0,7.752108,,,,,,,176,64,7,,,,,
,525,,,0,7.752108,,,,,,,176,67,20,,,,,
,526,,,0,7.762524,,,,,,,176,64,8,,,,,
,527,,,0,7.762524,,,,,,,176,67,21,,,,,
,528,,,0,7.783356,,,,,,,176,64,7,,,,,
,529,,,0,7.793772,,,,,,,176,64,8,,,,,
,530,,,0,7.812000,,,,,,,176,64,7,,,,,
,531,,,0,7.822416,,,,,,,176,64,8,,,,,
,532,,,0,7.822416,,,,,,,176,67,20,,,,,
,533,,,0,7.832832,,,,,,,176,67,21,,,,,
,534,,,0,7.864080,,,,,,,176,67,20,,,,,
,535,,,0,7.874496,,,,,,,176,64,7,,,,,
,536,,,0,7.874496,,,,,,,176,67,21,,,,,
,537,,,0,7.882308,,,,,,,176,64,8,,,,,
,538,,,0,7.903140,,,,,,,176,64,7,,,,,
,539,,,0,7.913556,,,,,,,176,64,8,,,,,
,540,,,0,7.923972,,,,,,,176,64,7,,,,,
,541,,,0,7.934388,,,,,,,176,64,8,,,,,
,542,,,0,7.952616,,,,,,,176,64,7,,,,,
,543,,,0,7.952616,,,,,,,176,67,22,,,,,
,544,,,0,7.963032,,,,,,,176,64,8,,,,,
,545,,,0,7.963032,,,,,,,176,67,21,,,,,
,546,,,0,7.994280,,,,,,,176,64,7,,,,,
,547,,,0,7.994280,,,,,,,176,67,20,,,,,
,548,,,0,8.002092,,,,,,,176,67,21,,,,,
,549,,,0,8.022924,,,,,,,176,64,8,,,,,
,550,,,0,8.061984,,,,,,,176,64,7,,,,,
,551,,,0,8.072400,,,,,,,176,64,8,,,,,
,552,,,0,8.082816,,,,,,,176,64,7,,,,,
,553,,,0,8.093232,,,,,,,176,64,8,,,,,
,554,,,0,8.103648,,,,,,,176,67,20,,,,,
,555,,,0,8.114064,,,,,,,176,67,21,,,,,
,556,,,0,8.142708,,,,,,,176,64,7,,,,,
,557,,,0,8.163540,,,,,,,176,64,8,,,,,
,558,,,0,8.223432,,,,,,,176,64,7,,,,,
,559,,,0,8.233848,,,,,,,176,64,8,,,,,
,560,,,0,8.233848,,,,,,,176,67,23,,,,,
,561,,,0,8.244264,,,,,,,176,67,21,,,,,
,562,,,0,8.262492,,,,,,,176,67,22,,,,,
,563,,,0,8.272908,,,,,,,176,67,21,,,,,
,564,,,0,8.283324,,,,,,,176,64,7,,,,,
,565,,,0,8.283324,,,,,,,176,67,24,,,,,
,566,,,0,8.293740,,,,,,,176,67,25,,,,,
,567,,,0,8.304156,,,,,,,176,64,8,,,,,
,568,,,0,8.304156,,,,,,,176,67,26,,,,,
,569,,,0,8.311968,,,,,,,176,67,27,,,,,
,570,,,0,8.322384,,,,,,,176,67,26,,,,,
,571,,,0,8.332800,,,,,,,176,64,7,,,,,
,572,,,0,8.351028,,,,,,,176,64,8,,,,,
,573,,,0,8.353632,,,,,,,176,67,27,,,,,
,574,,,0,8.361444,,,,,,,176,64,7,,,,,
,575,,,0,8.382276,,,,,,,176,67,26,,,,,
,576,,,0,8.392692,,,,,,,176,64,8,,,,,
,577,,,0,8.403108,,,,,,,176,64,7,,,,,
,578,,,0,8.403108,,,,,,,176,67,27,,,,,
,579,,,0,8.413524,,,,,,,176,64,8,,,,,
,580,,,0,8.413524,,,,,,,176,67,26,,,,,
,581,,,0,8.423940,,,,,,,176,64,7,,,,,
,582,,,0,8.423940,,,,,,,176,67,27,,,,,
,583,,,0,8.442168,,,,,,,176,67,26,,,,,
,584,,,0,8.452584,,,,,,,176,64,8,,,,,
,585,,,0,8.463000,,,,,,,176,64,7,,,,,
,586,,,0,8.463000,,,,,,,176,67,27,,,,,
,587,,,0,8.473416,,,,,,,176,67,26,,,,,
,588,,,0,8.483832,,,,,,,176,64,8,,,,,
,589,,,0,8.494248,,,,,,,176,64,7,,,,,
,590,,,0,8.494248,,,,,,,176,67,27,,,,,
,591,,,0,8.502060,,,,,,,176,67,26,,,,,
,592,,,0,8.512476,,,,,,,176,64,8,,,,,
,593,,,0,8.515080,,,,,,,176,67,27,,,,,
,594,,,0,8.522892,,,,,,,176,67,25,,,,,
,595,,,0,8.533308,,,,,,,176,64,7,,,,,
,596,,,0,8.533308,,,,,,,176,67,27,,,,,
,597,,,0,8.543724,,,,,,,176,64,8,,,,,
,598,,,0,8.543724,,,,,,,176,67,26,,,,,
,599,,,0,8.554140,,,,,,,176,64,7,,,,,
,600,,,0,8.554140,,,,,,,176,67,27,,,,,
,601,,,0,8.561952,,,,,,,176,64,8,,,,,
,602,,,0,8.564556,,,,,,,176,67,26,,,,,
,603,,,0,8.574972,,,,,,,176,67,27,,,,,
,604,,,0,8.582784,,,,,,,176,64,7,,,,,
,605,,,0,8.593200,,,,,,,176,64,8,,,,,
,606,,,0,8.593200,,,,,,,176,67,26,,,,,
,607,,,0,8.614032,,,,,,,176,67,27,,,,,
,608,,,0,8.632260,,,,,,,176,64,7,,,,,
,609,,,0,8.642676,,,,,,,176,64,8,,,,,
,610,,,0,8.645280,,,,,,,176,67,26,,,,,
,611,,,0,8.653092,,,,,,,176,64,7,,,,,
,612,,,0,8.663508,,,,,,,176,64,8,,,,,
,613,,,0,8.663508,,,,,,,176,67,27,,,,,
,614,,,0,8.673924,,,,,,,176,67,25,,,,,
,615,,,0,8.684340,,,,,,,176,67,26,,,,,
,616,,,0,8.692152,,,,,,,176,64,7,,,,,
,617,,,0,8.702568,,,,,,,176,64,8,,,,,
,618,,,0,8.705172,,,,,,,176,67,27,,,,,
,619,,,0,8.712984,,,,,,,176,64,7,,,,,
,620,,,0,8.712984,,,,,,,176,67,26,,,,,
,621,,,0,8.723400,,,,,,,176,64,8,,,,,
,622,,,0,8.733816,,,,,,,176,64,6,,,,,
,623,,,0,8.744232,,,,,,,176,64,7,,,,,
,624,,,0,8.752044,,,,,,,176,64,8,,,,,
,625,,,0,8.772876,,,,,,,176,67,27,,,,,
,626,,,0,8.783292,,,,,,,176,67,26,,,,,
,627,,,0,8.793708,,,,,,,176,64,7,,,,,
,628,,,0,8.811936,,,,,,,176,64,8,,,,,
,629,,,0,8.814540,,,,,,,176,67,27,,,,,
,630,,,0,8.822352,,,,,,,176,67,26,,,,,
,631,,,0,8.832768,,,,,,,176,67,27,,,,,
,632,,,0,8.843184,,,,,,,176,67,26,,,,,
,633,,,0,8.853600,,,,,,,176,67,27,,,,,
,634,,,0,8.874432,,,,,,,176,64,7,,,,,
,635,,,0,8.882244,,,,,,,176,64,8,,,,,
,636,,,0,8.892660,,,,,,,176,67,26,,,,,
,637,,,0,8.903076,,,,,,,176,67,27,,,,,
,638,,,0,8.913492,,,,,,,176,64,7,,,,,
,639,,,0,8.923908,,,,,,,176,64,8,,,,,
,640,,,0,8.934324,,,,,,,176,64,7,,,,,
,641,,,0,8.934324,,,,,,,176,67,26,,,,,
,642,,,0,8.942136,,,,,,,176,67,27,,,,,
,643,,,0,8.962968,,,,,,,176,64,8,,,,,
,644,,,0,8.962968,,,,,,,176,67,26,,,,,
,645,,,0,8.973384,,,,,,,176,64,7,,,,,
,646,,,0,8.973384,,,,,,,176,67,27,,,,,
,647,,,0,8.983800,,,,,,,176,64,8,,,,,
,648,,,0,8.983800,,,,,,,176,67,26,,,,,
,649,,,0,9.002028,,,,,,,176,67,27,,,,,
,650,,,0,9.022860,,,,,,,176,67,26,,,,,
,651,,,0,9.033276,,,,,,,176,64,7,,,,,
,652,,,0,9.033276,,,,,,,176,67,27,,,,,
,653,,,0,9.054108,,,,,,,176,64,8,,,,,
,654,,,0,9.061920,,,,,,,176,64,7,,,,,
,655,,,0,9.093168,,,,,,,176,64,8,,,,,
,656,,,0,9.132228,,,,,,,176,64,7,,,,,
,657,,,0,9.142644,,,,,,,176,64,8,,,,,
,658,,,0,9.163476,,,,,,,176,64,7,,,,,
,659,,,0,9.163476,,,,,,,176,67,26,,,,,
,660,,,0,9.173892,,,,,,,176,64,8,,,,,
,661,,,0,9.173892,,,,,,,176,67,27,,,,,
,662,,,0,9.202536,,,,,,,176,64,7,,,,,
,663,,,0,9.212952,,,,,,,176,67,26,,,,,
,664,,,0,9.223368,,,,,,,176,64,8,,,,,
,665,,,0,9.223368,,,,,,,176,67,27,,,,,
,666,,,0,9.233784,,,,,,,176,67,26,,,,,
,667,,,0,9.244200,,,,,,,176,64,7,,,,,
,668,,,0,9.244200,,,,,,,176,67,27,,,,,
,669,,,0,9.252012,,,,,,,176,64,8,,,,,
,670,,,0,9.262428,,,,,,,176,64,7,,,,,
,671,,,0,9.272844,,,,,,,176,64,8,,,,,
,672,,,0,9.293676,,,,,,,176,64,7,,,,,
,673,,,0,9.311904,,,,,,,176,64,8,,,,,
,674,,,0,9.322320,,,,,,,176,64,7,,,,,
,675,,,0,9.332736,,,,,,,176,64,8,,,,,
,676,,,0,9.442104,,,,,,,176,64,7,,,,,
,677,,,0,9.473352,,,,,,,176,64,8,,,,,
,678,,,0,9.494184,,,,,,,176,64,7,,,,,
,679,,,0,9.501996,,,,,,,176,64,8,,,,,
,680,,,0,9.512412,,,,,,,176,64,7,,,,,
,681,,,0,9.522828,,,,,,,176,64,8,,,,,
,682,,,0,9.554076,,,,,,,176,67,26,,,,,
,683,,,0,9.572304,,,,,,,176,64,7,,,,,
,684,,,0,9.574908,,,,,,,176,67,27,,,,,
,685,,,0,9.582720,,,,,,,176,64,8,,,,,
,686,,,0,9.603552,,,,,,,176,64,7,,,,,
,687,,,0,9.613968,,,,,,,176,64,8,,,,,
,688,,,0,9.632196,,,,,,,176,64,7,,,,,
,689,,,0,9.663444,,,,,,,176,64,8,,,,,
,690,,,0,9.673860,,,,,,,176,64,7,,,,,
,691,,,0,9.692088,,,,,,,176,64,8,,,,,
,692,,,0,9.702504,,,,,,,176,64,7,,,,,
,693,,,0,9.733752,,,,,,,176,64,8,,,,,
,694,,,0,9.772812,,,,,,,176,64,7,,,,,
,695,,,0,9.804060,,,,,,,176,64,8,,,,,
,696,,,0,9.874368,,,,,,,176,64,7,,,,,
,697,,,0,9.882180,,,,,,,176,64,8,,,,,
,698,,,0,9.923844,,,,,,,176,64,7,,,,,
,699,,,0,9.942072,,,,,,,176,64,8,,,,,
,700,,,0,9.952488,,,,,,,176,64,7,,,,,
,701,,,0,9.973320,,,,,,,176,64,8,,,,,
,702,,,0,9.994152,,,,,,,176,64,7,,,,,
,703,,,0,10.001964,,,,,,,176,64,8,,,,,
,704,,,0,10.012380,,,,,,,176,64,7,,,,,
,705,,,0,10.022796,,,,,,,176,64,8,,,,,
,706,,,0,10.043628,,,,,,,176,64,7,,,,,
,707,,,0,10.054044,,,,,,,176,64,8,,,,,
,708,,,0,10.061856,,,,,,,176,67,26,,,,,
,709,,,0,10.072272,,,,,,,176,67,27,,,,,
,710,,,0,10.082688,,,,,,,176,67,26,,,,,
,711,,,0,10.093104,,,,,,,176,67,27,,,,,
,712,,,0,10.103520,,,,,,,176,67,26,,,,,
,713,,,0,10.113936,,,,,,,176,67,27,,,,,
,714,,,0,10.132164,,,,,,,176,67,26,,,,,
,715,,,0,10.142580,,,,,,,176,67,27,,,,,
,716,,,0,10.173828,,,,,,,176,64,7,,,,,
,717,,,0,10.173828,,,,,,,176,67,26,,,,,
,718,,,0,10.184244,,,,,,,176,64,8,,,,,
,719,,,0,10.194660,,,,,,,176,67,27,,,,,
,720,,,0,10.233720,,,,,,,176,64,7,,,,,
,721,,,0,10.244136,,,,,,,176,64,8,,,,,
,722,,,0,10.251948,,,,,,,176,64,7,,,,,
,723,,,0,10.262364,,,,,,,176,64,8,,,,,
,724,,,0,10.283196,,,,,,,176,64,7,,,,,
,725,,,0,10.304028,,,,,,,176,64,8,,,,,
,726,,,0,10.311840,,,,,,,176,64,7,,,,,
,727,,,0,10.332672,,,,,,,176,64,8,,,,,
,728,,,0,10.371732,,,,,,,176,64,7,,,,,
,729,,,0,10.382148,,,,,,,176,64,8,,,,,
,730,,,0,10.392564,,,,,,,176,64,7,,,,,
,731,,,0,10.413396,,,,,,,176,64,8,,,,,
,732,,,0,10.423812,,,,,,,176,64,7,,,,,
,733,,,0,10.434228,,,,,,,176,64,8,,,,,
,734,,,0,10.442040,,,,,,,176,64,7,,,,,
,735,,,0,10.452456,,,,,,,176,64,8,,,,,
,736,,,0,10.483704,,,,,,,176,67,28,,,,,
,737,,,0,10.494120,,,,,,,176,67,27,,,,,
,738,,,0,10.501932,,,,,,,176,64,7,,,,,
,739,,,0,10.512348,,,,,,,176,64,8,,,,,
,740,,,0,10.522764,,,,,,,176,64,7,,,,,
,741,,,0,10.543596,,,,,,,176,64,8,,,,,
,742,,,0,10.582656,,,,,,,176,64,7,,,,,
,743,,,0,10.613904,,,,,,,176,64,8,,,,,
,744,,,0,10.613904,,,,,,,176,67,26,,,,,
,745,,,0,10.621716,,,,,,,176,67,27,,,,,
,746,,,0,10.642548,,,,,,,176,64,7,,,,,
,747,,,0,10.652964,,,,,,,176,64,8,,,,,
,748,,,0,10.663380,,,,,,,176,67,26,,,,,
,749,,,0,10.673796,,,,,,,176,67,27,,,,,
,750,,,0,10.723272,,,,,,,176,64,7,,,,,
,751,,,0,10.762332,,,,,,,176,64,8,,,,,
,752,,,0,10.772748,,,,,,,176,67,26,,,,,
,753,,,0,10.783164,,,,,,,176,64,7,,,,,
,754,,,0,10.783164,,,,,,,176,67,27,,,,,
,755,,,0,10.793580,,,,,,,176,64,8,,,,,
,756,,,0,10.811808,,,,,,,176,64,7,,,,,
,757,,,0,10.822224,,,,,,,176,64,8,,,,,
,758,,,0,10.832640,,,,,,,176,64,7,,,,,
,759,,,0,10.853472,,,,,,,176,64,8,,,,,
,760,,,0,10.863888,,,,,,,176,64,7,,,,,
,761,,,0,10.882116,,,,,,,176,64,8,,,,,
,762,,,0,10.913364,,,,,,,176,64,7,,,,,
,763,,,0,10.923780,,,,,,,176,64,8,,,,,
,764,,,0,10.942008,,,,,,,176,64,7,,,,,
,765,,,0,10.952424,,,,,,,176,64,8,,,,,
,766,,,0,10.973256,,,,,,,176,67,26,,,,,
,767,,,0,10.983672,,,,,,,176,67,27,,,,,
,768,,,0,11.033148,,,,,,,176,64,7,,,,,
,769,,,0,11.043564,,,,,,,176,64,8,,,,,
,770,,,0,11.053980,,,,,,,176,64,7,,,,,
,771,,,0,11.061792,,,,,,,176,67,26,,,,,
,772,,,0,11.072208,,,,,,,176,64,8,,,,,
,773,,,0,11.074812,,,,,,,176,67,27,,,,,
,774,,,0,11.082624,,,,,,,176,64,7,,,,,
,775,,,0,11.093040,,,,,,,176,64,8,,,,,
,776,,,0,11.113872,,,,,,,176,64,7,,,,,
,777,,,0,11.121684,,,,,,,176,64,8,,,,,
,778,,,0,11.142516,,,,,,,176,64,7,,,,,
,779,,,0,11.152932,,,,,,,176,64,8,,,,,
,780,,,0,11.202408,,,,,,,176,67,26,,,,,
,781,,,0,11.212824,,,,,,,176,67,27,,,,,
,782,,,0,11.223240,,,,,,,176,64,7,,,,,
,783,,,0,11.233656,,,,,,,176,64,8,,,,,
,784,,,0,11.283132,,,,,,,176,64,7,,,,,
,785,,,0,11.293548,,,,,,,176,64,8,,,,,
,786,,,0,11.303964,,,,,,,176,64,7,,,,,
,787,,,0,11.311776,,,,,,,176,64,8,,,,,
,788,,,0,11.343024,,,,,,,176,67,26,,,,,
,789,,,0,11.353440,,,,,,,176,67,27,,,,,
,790,,,0,11.363856,,,,,,,176,64,7,,,,,
,791,,,0,11.371668,,,,,,,176,64,8,,,,,
,792,,,0,11.382084,,,,,,,176,64,7,,,,,
,793,,,0,11.402916,,,,,,,176,64,8,,,,,
,794,,,0,11.402916,,,,,,,176,67,26,,,,,
,795,,,0,11.413332,,,,,,,176,67,27,,,,,
,796,,,0,11.434164,,,,,,,176,64,7,,,,,
,797,,,0,11.441976,,,,,,,176,64,8,,,,,
,798,,,0,11.494056,,,,,,,176,64,7,,,,,
,799,,,0,11.512284,,,,,,,176,64,8,,,,,
,800,,,0,11.522700,,,,,,,176,64,7,,,,,
,801,,,0,11.533116,,,,,,,176,64,8,,,,,
,802,,,0,11.535720,,,,,,,176,67,26,,,,,
,803,,,0,11.553948,,,,,,,176,64,7,,,,,
,804,,,0,11.553948,,,,,,,176,67,27,,,,,
,805,,,0,11.561760,,,,,,,176,64,8,,,,,
,806,,,0,11.572176,,,,,,,176,64,7,,,,,
,807,,,0,11.582592,,,,,,,176,64,8,,,,,
,808,,,0,11.603424,,,,,,,176,64,7,,,,,
,809,,,0,11.613840,,,,,,,176,64,8,,,,,
,810,,,0,11.624256,,,,,,,176,67,26,,,,,
,811,,,0,11.632068,,,,,,,176,64,7,,,,,
,812,,,0,11.634672,,,,,,,176,67,27,,,,,
,813,,,0,11.642484,,,,,,,176,64,8,,,,,
,814,,,0,11.684148,,,,,,,176,64,7,,,,,
,815,,,0,11.691960,,,,,,,176,64,8,,,,,
,816,,,0,11.702376,,,,,,,176,64,7,,,,,
,817,,,0,11.723208,,,,,,,176,64,8,,,,,
,818,,,0,11.733624,,,,,,,176,64,7,,,,,
,819,,,0,11.751852,,,,,,,176,64,5,,,,,
,820,,,0,11.762268,,,,,,,176,64,7,,,,,
,821,,,0,11.783100,,,,,,,176,64,8,,,,,
,822,,,0,11.803932,,,,,,,176,64,7,,,,,
,823,,,0,11.811744,,,,,,,176,64,8,,,,,
,824,,,0,11.822160,,,,,,,176,64,7,,,,,
,825,,,0,11.832576,,,,,,,176,64,8,,,,,
,826,,,0,11.853408,,,,,,,176,64,7,,,,,
,827,,,0,11.863824,,,,,,,176,64,8,,,,,
,828,,,0,11.882052,,,,,,,176,64,7,,,,,
,829,,,0,11.892468,,,,,,,176,64,8,,,,,
,830,,,0,11.913300,,,,,,,176,64,7,,,,,
,831,,,0,11.923716,,,,,,,176,64,8,,,,,
,832,,,0,11.923716,,,,,,,176,67,28,,,,,
,833,,,0,11.934132,,,,,,,176,67,29,,,,,
,834,,,0,11.941944,,,,,,,176,67,28,,,,,
,835,,,0,11.952360,,,,,,,176,67,27,,,,,
,836,,,0,12.022668,,,,,,,176,64,7,,,,,
,837,,,0,12.033084,,,,,,,176,64,8,,,,,
,838,,,0,12.043500,,,,,,,176,64,7,,,,,
,839,,,0,12.061728,,,,,,,176,64,8,,,,,
,840,,,0,12.072144,,,,,,,176,64,7,,,,,
,841,,,0,12.082560,,,,,,,176,64,8,,,,,
,842,,,0,12.092976,,,,,,,176,64,7,,,,,
,843,,,0,12.121620,,,,,,,176,64,8,,,,,
,844,,,0,12.124224,,,,,,,176,67,28,,,,,
,845,,,0,12.132036,,,,,,,176,67,27,,,,,
,846,,,0,12.163284,,,,,,,176,67,28,,,,,
,847,,,0,12.173700,,,,,,,176,67,27,,,,,
,848,,,0,12.191928,,,,,,,176,64,7,,,,,
,849,,,0,12.202344,,,,,,,176,64,8,,,,,
,850,,,0,12.204948,,,,,,,176,67,28,,,,,
,851,,,0,12.212760,,,,,,,176,64,7,,,,,
,852,,,0,12.223176,,,,,,,176,67,27,,,,,
,853,,,0,12.233592,,,,,,,176,64,8,,,,,
,854,,,0,12.233592,,,,,,,176,67,28,,,,,
,855,,,0,12.244008,,,,,,,176,64,7,,,,,
,856,,,0,12.251820,,,,,,,176,64,8,,,,,
,857,,,0,12.262236,,,,,,,176,67,27,,,,,
,858,,,0,12.272652,,,,,,,176,64,7,,,,,
,859,,,0,12.272652,,,,,,,176,67,28,,,,,
,860,,,0,12.283068,,,,,,,176,64,8,,,,,
,861,,,0,12.283068,,,,,,,176,67,27,,,,,
,862,,,0,12.293484,,,,,,,176,64,7,,,,,
,863,,,0,12.293484,,,,,,,176,67,28,,,,,
,864,,,0,12.303900,,,,,,,176,64,8,,,,,
,865,,,0,12.311712,,,,,,,176,64,7,,,,,
,866,,,0,12.322128,,,,,,,176,67,29,,,,,
,867,,,0,12.332544,,,,,,,176,64,8,,,,,
,868,,,0,12.335148,,,,,,,176,67,28,,,,,
,869,,,0,12.342960,,,,,,,176,64,7,,,,,
,870,,,0,12.353376,,,,,,,176,67,29,,,,,
,871,,,0,12.363792,,,,,,,176,67,28,,,,,
,872,,,0,12.371604,,,,,,,176,64,8,,,,,
,873,,,0,12.413268,,,,,,,176,67,27,,,,,
,874,,,0,12.423684,,,,,,,176,67,29,,,,,
,875,,,0,12.434100,,,,,,,176,64,7,,,,,
,876,,,0,12.434100,,,,,,,176,67,28,,,,,
,877,,,0,12.441912,,,,,,,176,64,8,,,,,
,878,,,0,12.462744,,,,,,,176,67,27,,,,,
,879,,,0,12.473160,,,,,,,176,67,28,,,,,
,880,,,0,12.522636,,,,,,,176,67,29,,,,,
,881,,,0,12.543468,,,,,,,176,64,7,,,,,
,882,,,0,12.553884,,,,,,,176,64,8,,,,,
,883,,,0,12.553884,,,,,,,176,67,30,,,,,
,884,,,0,12.564300,,,,,,,176,67,28,,,,,
,885,,,0,12.603360,,,,,,,176,64,7,,,,,
,886,,,0,12.613776,,,,,,,176,64,8,,,,,
,887,,,0,12.621588,,,,,,,176,67,29,,,,,
,888,,,0,12.632004,,,,,,,176,67,28,,,,,
,889,,,0,12.642420,,,,,,,176,64,7,,,,,
,890,,,0,12.645024,,,,,,,176,67,29,,,,,
,891,,,0,12.652836,,,,,,,176,64,8,,,,,
,892,,,0,12.663252,,,,,,,176,67,28,,,,,
,893,,,0,12.684084,,,,,,,176,64,7,,,,,
,894,,,0,12.684084,,,,,,,176,67,29,,,,,
,895,,,0,12.691896,,,,,,,176,64,8,,,,,
,896,,,0,12.694500,,,,,,,176,67,28,,,,,
,897,,,0,12.702312,,,,,,,176,67,30,,,,,
,898,,,0,12.712728,,,,,,,176,67,28,,,,,
,899,,,0,12.723144,,,,,,,176,67,27,,,,,
,900,,,0,12.733560,,,,,,,176,64,7,,,,,
,901,,,0,12.733560,,,,,,,176,67,28,,,,,
,902,,,0,12.743976,,,,,,,176,64,8,,,,,
,903,,,0,12.764808,,,,,,,176,67,29,,,,,
,904,,,0,12.785640,,,,,,,176,67,27,,,,,
,905,,,0,12.793452,,,,,,,176,67,28,,,,,
,906,,,0,12.811680,,,,,,,176,64,7,,,,,
,907,,,0,12.814284,,,,,,,176,67,29,,,,,
,908,,,0,12.822096,,,,,,,176,64,8,,,,,
,909,,,0,12.832512,,,,,,,176,67,28,,,,,
,910,,,0,12.853344,,,,,,,176,64,7,,,,,
,911,,,0,12.855948,,,,,,,176,67,29,,,,,
,912,,,0,12.863760,,,,,,,176,64,8,,,,,
,913,,,0,12.874176,,,,,,,176,67,30,,,,,
,914,,,0,12.892404,,,,,,,176,67,28,,,,,
,915,,,0,12.902820,,,,,,,176,67,29,,,,,
,916,,,0,12.923652,,,,,,,176,67,30,,,,,
,917,,,0,12.931464,,,,,,,176,67,29,,,,,
,918,,,0,12.944484,,,,,,,176,67,30,,,,,
,919,,,0,12.952296,,,,,,,176,64,7,,,,,
,920,,,0,12.954900,,,,,,,176,67,28,,,,,
,921,,,0,12.962712,,,,,,,176,64,8,,,,,
,922,,,0,12.962712,,,,,,,176,67,29,,,,,
,923,,,0,12.993960,,,,,,,176,64,7,,,,,
,924,,,0,12.993960,,,,,,,176,67,28,,,,,
,925,,,0,13.004376,,,,,,,176,67,29,,,,,
,926,,,0,13.022604,,,,,,,176,64,8,,,,,
,927,,,0,13.025208,,,,,,,176,67,28,,,,,
,928,,,0,13.033020,,,,,,,176,64,7,,,,,
,929,,,0,13.035624,,,,,,,176,67,29,,,,,
,930,,,0,13.043436,,,,,,,176,64,8,,,,,
,931,,,0,13.061664,,,,,,,176,67,27,,,,,
,932,,,0,13.072080,,,,,,,176,67,29,,,,,
,933,,,0,13.082496,,,,,,,176,67,28,,,,,
,934,,,0,13.092912,,,,,,,176,64,7,,,,,
,935,,,0,13.103328,,,,,,,176,67,29,,,,,
,936,,,0,13.113744,,,,,,,176,64,8,,,,,
,937,,,0,13.131972,,,,,,,176,67,28,,,,,
,938,,,0,13.142388,,,,,,,176,64,7,,,,,
,939,,,0,13.152804,,,,,,,176,64,8,,,,,
,940,,,0,13.152804,,,,,,,176,67,29,,,,,
,941,,,0,13.163220,,,,,,,176,64,7,,,,,
,942,,,0,13.163220,,,,,,,176,67,30,,,,,
,943,,,0,13.173636,,,,,,,176,67,28,,,,,
,944,,,0,13.181448,,,,,,,176,64,8,,,,,
,945,,,0,13.184052,,,,,,,176,67,29,,,,,
,946,,,0,13.191864,,,,,,,176,64,7,,,,,
,947,,,0,13.194468,,,,,,,176,67,27,,,,,
,948,,,0,13.202280,,,,,,,176,64,8,,,,,
,949,,,0,13.204884,,,,,,,176,67,29,,,,,
,950,,,0,13.212696,,,,,,,176,67,28,,,,,
,951,,,0,13.223112,,,,,,,176,64,7,,,,,
,952,,,0,13.233528,,,,,,,176,64,8,,,,,
,953,,,0,13.243944,,,,,,,176,67,29,,,,,
,954,,,0,13.251756,,,,,,,176,64,7,,,,,
,955,,,0,13.254360,,,,,,,176,67,28,,,,,
,956,,,0,13.262172,,,,,,,176,64,8,,,,,
,957,,,0,13.264776,,,,,,,176,67,29,,,,,
,958,,,0,13.283004,,,,,,,176,64,7,,,,,
,959,,,0,13.283004,,,,,,,176,67,28,,,,,
,960,,,0,13.293420,,,,,,,176,64,8,,,,,
,961,,,0,13.293420,,,,,,,176,67,29,,,,,
,962,,,0,13.303836,,,,,,,176,67,28,,,,,
,963,,,0,13.311648,,,,,,,176,64,7,,,,,
,964,,,0,13.322064,,,,,,,176,64,8,,,,,
,965,,,0,13.324668,,,,,,,176,67,29,,,,,
,966,,,0,13.342896,,,,,,,176,64,7,,,,,
,967,,,0,13.353312,,,,,,,176,67,28,,,,,
,968,,,0,13.363728,,,,,,,176,67,29,,,,,
,969,,,0,13.381956,,,,,,,176,64,8,,,,,
,970,,,0,13.392372,,,,,,,176,64,7,,,,,
,971,,,0,13.402788,,,,,,,176,64,8,,,,,
,972,,,0,13.402788,,,,,,,176,67,30,,,,,
,973,,,0,13.413204,,,,,,,176,67,29,,,,,
,974,,,0,13.423620,,,,,,,176,67,28,,,,,
,975,,,0,13.431432,,,,,,,176,67,29,,,,,
,976,,,0,13.441848,,,,,,,176,64,7,,,,,
,977,,,0,13.462680,,,,,,,176,64,8,,,,,
,978,,,0,13.473096,,,,,,,176,67,28,,,,,
,979,,,0,13.493928,,,,,,,176,64,7,,,,,
,980,,,0,13.493928,,,,,,,176,67,29,,,,,
,981,,,0,13.512156,,,,,,,176,64,8,,,,,
,982,,,0,13.522572,,,,,,,176,64,7,,,,,
,983,,,0,13.532988,,,,,,,176,64,8,,,,,
,984,,,0,13.532988,,,,,,,176,67,28,,,,,
,985,,,0,13.543404,,,,,,,176,67,29,,,,,
,986,,,0,13.553820,,,,,,,176,64,7,,,,,
,987,,,0,13.572048,,,,,,,176,64,8,,,,,
,988,,,0,13.582464,,,,,,,176,64,7,,,,,
,989,,,0,13.592880,,,,,,,176,64,8,,,,,
,990,,,0,13.603296,,,,,,,176,67,30,,,,,
,991,,,0,13.613712,,,,,,,176,67,29,,,,,
,992,,,0,13.621524,,,,,,,176,67,28,,,,,
,993,,,0,13.631940,,,,,,,176,64,7,,,,,
,994,,,0,13.642356,,,,,,,176,67,29,,,,,
,995,,,0,13.652772,,,,,,,176,64,8,,,,,
,996,,,0,13.673604,,,,,,,176,64,7,,,,,
,997,,,0,13.691832,,,,,,,176,67,28,,,,,
,998,,,0,13.702248,,,,,,,176,64,8,,,,,
,999,,,0,13.712664,,,,,,,176,64,7,,,,,
,1000,,,0,13.712664,,,,,,,176,67,30,,,,,
,1001,,,0,13.720476,,,,,,,176,64,8,,,,,
,1002,,,0,13.723080,,,,,,,176,67,29,,,,,
,1003,,,0,13.741308,,,,,,,176,67,28,,,,,
,1004,,,0,13.751724,,,,,,,176,64,7,,,,,
,1005,,,0,13.751724,,,,,,,176,67,29,,,,,
,1006,,,0,13.762140,,,,,,,176,67,28,,,,,
,1007,,,0,13.772556,,,,,,,176,64,8,,,,,
,1008,,,0,13.772556,,,,,,,176,67,29,,,,,
,1009,,,0,13.782972,,,,,,,176,67,28,,,,,
,1010,,,0,13.790784,,,,,,,176,64,7,,,,,
,1011,,,0,13.793388,,,,,,,176,67,29,,,,,
,1012,,,0,13.801200,,,,,,,176,64,8,,,,,
,1013,,,0,13.803804,,,,,,,176,67,28,,,,,
,1014,,,0,13.811616,,,,,,,176,64,7,,,,,
,1015,,,0,13.811616,,,,,,,176,67,29,,,,,
,1016,,,0,13.822032,,,,,,,176,64,8,,,,,
,1017,,,0,13.822032,,,,,,,176,67,28,,,,,
,1018,,,0,13.832448,,,,,,,176,64,7,,,,,
,1019,,,0,13.832448,,,,,,,176,67,29,,,,,
,1020,,,0,13.842864,,,,,,,176,64,8,,,,,
,1021,,,0,13.842864,,,,,,,176,67,30,,,,,
,1022,,,0,13.850676,,,,,,,176,67,28,,,,,
,1023,,,0,13.861092,,,,,,,176,64,7,,,,,
,1024,,,0,13.871508,,,,,,,176,64,8,,,,,
,1025,,,0,13.871508,,,,,,,176,67,27,,,,,
,1026,,,0,13.881924,,,,,,,176,64,7,,,,,
,1027,,,0,13.881924,,,,,,,176,67,29,,,,,
,1028,,,0,13.892340,,,,,,,176,64,8,,,,,
,1029,,,0,13.892340,,,,,,,176,67,28,,,,,
,1030,,,0,13.902756,,,,,,,176,67,29,,,,,
,1031,,,0,13.910568,,,,,,,176,64,7,,,,,
,1032,,,0,13.913172,,,,,,,176,67,28,,,,,
,1033,,,0,13.920984,,,,,,,176,64,8,,,,,
,1034,,,0,13.923588,,,,,,,176,67,29,,,,,
,1035,,,0,13.941816,,,,,,,176,64,7,,,,,
,1036,,,0,13.941816,,,,,,,176,67,28,,,,,
,1037,,,0,13.952232,,,,,,,176,64,8,,,,,
,1038,,,0,13.970460,,,,,,,176,67,29,,,,,
,1039,,,0,13.980876,,,,,,,176,67,28,,,,,
,1040,,,0,13.991292,,,,,,,176,64,7,,,,,
,1041,,,0,13.993896,,,,,,,176,67,29,,,,,
,1042,,,0,14.012124,,,,,,,176,64,8,,,,,
,1043,,,0,14.022540,,,,,,,176,67,28,,,,,
,1044,,,0,14.040768,,,,,,,176,64,7,,,,,
,1045,,,0,14.043372,,,,,,,176,67,29,,,,,
,1046,,,0,14.051184,,,,,,,176,64,8,,,,,
,1047,,,0,14.053788,,,,,,,176,67,28,,,,,
,1048,,,0,14.061600,,,,,,,176,64,7,,,,,
,1049,,,0,14.061600,,,,,,,176,67,30,,,,,
,1050,,,0,14.072016,,,,,,,176,64,8,,,,,
,1051,,,0,14.072016,,,,,,,176,67,27,,,,,
,1052,,,0,14.082432,,,,,,,176,67,29,,,,,
,1053,,,0,14.092848,,,,,,,176,64,7,,,,,
,1054,,,0,14.103264,,,,,,,176,64,8,,,,,
,1055,,,0,14.113680,,,,,,,176,64,7,,,,,
,1056,,,0,14.116284,,,,,,,176,67,28,,,,,
,1057,,,0,14.121492,,,,,,,176,64,8,,,,,
,1058,,,0,14.126700,,,,,,,176,67,29,,,,,
,1059,,,0,14.131908,,,,,,,176,64,7,,,,,
,1060,,,0,14.134512,,,,,,,176,67,28,,,,,
,1061,,,0,14.142324,,,,,,,176,67,29,,,,,
,1062,,,0,14.152740,,,,,,,176,64,8,,,,,
,1063,,,0,14.152740,,,,,,,176,67,30,,,,,
,1064,,,0,14.160552,,,,,,,176,67,28,,,,,
,1065,,,0,14.170968,,,,,,,176,67,29,,,,,
,1066,,,0,14.181384,,,,,,,176,67,28,,,,,
,1067,,,0,14.194404,,,,,,,176,67,29,,,,,
,1068,,,0,14.204820,,,,,,,176,67,27,,,,,
,1069,,,0,14.212632,,,,,,,176,67,28,,,,,
,1070,,,0,14.220444,,,,,,,176,64,7,,,,,
,1071,,,0,14.223048,,,,,,,176,67,29,,,,,
,1072,,,0,14.230860,,,,,,,176,64,8,,,,,
,1073,,,0,14.241276,,,,,,,176,64,7,,,,,
,1074,,,0,14.243880,,,,,,,176,67,28,,,,,
,1075,,,0,14.251692,,,,,,,176,64,8,,,,,
,1076,,,0,14.251692,,,,,,,176,67,29,,,,,
,1077,,,0,14.262108,,,,,,,176,67,28,,,,,
,1078,,,0,14.272524,,,,,,,176,67,29,,,,,
,1079,,,0,14.282940,,,,,,,176,67,28,,,,,
,1080,,,0,14.293356,,,,,,,176,67,29,,,,,
,1081,,,0,14.301168,,,,,,,176,67,28,,,,,
,1082,,,0,14.342832,,,,,,,176,64,7,,,,,
,1083,,,0,14.342832,,,,,,,176,67,30,,,,,
,1084,,,0,14.350644,,,,,,,176,67,28,,,,,
,1085,,,0,14.361060,,,,,,,176,67,29,,,,,
,1086,,,0,14.384496,,,,,,,176,64,8,,,,,
,1087,,,0,14.384496,,,,,,,176,67,28,,,,,
,1088,,,0,14.392308,,,,,,,176,67,29,,,,,
,1089,,,0,14.402724,,,,,,,176,67,28,,,,,
,1090,,,0,14.410536,,,,,,,176,64,7,,,,,
,1091,,,0,14.413140,,,,,,,176,67,29,,,,,
,1092,,,0,14.420952,,,,,,,176,64,8,,,,,
,1093,,,0,14.423556,,,,,,,176,67,28,,,,,
,1094,,,0,14.431368,,,,,,,176,67,29,,,,,
,1095,,,0,14.441784,,,,,,,176,64,7,,,,,
,1096,,,0,14.452200,,,,,,,176,64,8,,,,,
,1097,,,0,14.462616,,,,,,,176,64,7,,,,,
,1098,,,0,14.462616,,,,,,,176,67,28,,,,,
,1099,,,0,14.470428,,,,,,,176,64,8,,,,,
,1100,,,0,14.473032,,,,,,,176,67,29,,,,,
,1101,,,0,14.491260,,,,,,,176,67,30,,,,,
,1102,,,0,14.501676,,,,,,,176,64,7,,,,,
,1103,,,0,14.501676,,,,,,,176,67,31,,,,,
,1104,,,0,14.512092,,,,,,,176,64,8,,,,,
,1105,,,0,14.512092,,,,,,,176,67,30,,,,,
,1106,,,0,14.522508,,,,,,,176,67,28,,,,,
,1107,,,0,14.532924,,,,,,,176,67,31,,,,,
,1108,,,0,14.540736,,,,,,,176,64,7,,,,,
,1109,,,0,14.543340,,,,,,,176,67,30,,,,,
,1110,,,0,14.551152,,,,,,,176,67,33,,,,,
,1111,,,0,14.561568,,,,,,,176,64,8,,,,,
,1112,,,0,14.561568,,,,,,,176,67,32,,,,,
,1113,,,0,14.571984,,,,,,,176,64,7,,,,,
,1114,,,0,14.571984,,,,,,,176,67,33,,,,,
,1115,,,0,14.600628,,,,,,,176,67,34,,,,,
,1116,,,0,14.611044,,,,,,,176,64,8,,,,,
,1117,,,0,14.621460,,,,,,,176,64,7,,,,,
,1118,,,0,14.631876,,,,,,,176,64,8,,,,,
,1119,,,0,14.631876,,,,,,,176,67,33,,,,,
,1120,,,0,14.642292,,,,,,,176,64,7,,,,,
,1121,,,0,14.652708,,,,,,,176,64,8,,,,,
,1122,,,0,14.660520,,,,,,,176,64,7,,,,,
,1123,,,0,14.670936,,,,,,,176,64,8,,,,,
,1124,,,0,14.712600,,,,,,,176,64,7,,,,,
,1125,,,0,14.720412,,,,,,,176,64,8,,,,,
,1126,,,0,14.780304,,,,,,,176,67,34,,,,,
,1127,,,0,14.790720,,,,,,,176,64,7,,,,,
,1128,,,0,14.793324,,,,,,,176,67,33,,,,,
,1129,,,0,14.803740,,,,,,,176,64,8,,,,,
,1130,,,0,14.811552,,,,,,,176,64,7,,,,,
,1131,,,0,14.832384,,,,,,,176,64,8,,,,,
,1132,,,0,14.842800,,,,,,,176,67,34,,,,,
,1133,,,0,14.850612,,,,,,,176,67,33,,,,,
,1134,,,0,14.910504,,,,,,,176,64,7,,,,,
,1135,,,0,14.913108,,,,,,,176,67,34,,,,,
,1136,,,0,14.920920,,,,,,,176,64,8,,,,,
,1137,,,0,14.923524,,,,,,,176,67,33,,,,,
,1138,,,0,14.931336,,,,,,,176,64,7,,,,,
,1139,,,0,14.941752,,,,,,,176,64,8,,,,,
,1140,,,0,14.962584,,,,,,,176,64,7,,,,,
,1141,,,0,14.970396,,,,,,,176,64,8,,,,,
,1142,,,0,15.012060,,,,,,,176,64,7,,,,,
,1143,,,0,15.022476,,,,,,,176,64,8,,,,,
,1144,,,0,15.071952,,,,,,,176,64,7,,,,,
,1145,,,0,15.082368,,,,,,,176,64,8,,,,,
,1146,,,0,15.092784,,,,,,,176,64,7,,,,,
,1147,,,0,15.100596,,,,,,,176,64,8,,,,,
,1148,,,0,15.121428,,,,,,,176,64,7,,,,,
,1149,,,0,15.131844,,,,,,,176,64,8,,,,,
,1150,,,0,15.170904,,,,,,,176,67,34,,,,,
,1151,,,0,15.181320,,,,,,,176,67,33,,,,,
,1152,,,0,15.202152,,,,,,,176,64,7,,,,,
,1153,,,0,15.212568,,,,,,,176,64,8,,,,,
,1154,,,0,15.212568,,,,,,,176,67,34,,,,,
,1155,,,0,15.220380,,,,,,,176,64,7,,,,,
,1156,,,0,15.222984,,,,,,,176,67,33,,,,,
,1157,,,0,15.230796,,,,,,,176,64,8,,,,,
,1158,,,0,15.272460,,,,,,,176,64,7,,,,,
,1159,,,0,15.280272,,,,,,,176,64,9,,,,,
,1160,,,0,15.290688,,,,,,,176,64,8,,,,,
,1161,,,0,15.301104,,,,,,,176,64,10,,,,,
,1162,,,0,15.321936,,,,,,,176,64,8,,,,,
,1163,,,0,15.332352,,,,,,,176,64,11,,,,,
,1164,,,0,15.360996,,,,,,,176,64,9,,,,,
,1165,,,0,15.371412,,,,,,,176,64,11,,,,,
,1166,,,0,15.381828,,,,,,,176,67,34,,,,,
,1167,,,0,15.392244,,,,,,,176,67,33,,,,,
,1168,,,0,15.420888,,,,,,,176,64,10,,,,,
,1169,,,0,15.431304,,,,,,,176,64,11,,,,,
,1170,,,0,15.462552,,,,,,,176,64,12,,,,,
,1171,,,0,15.472968,,,,,,,176,64,11,,,,,
,1172,,,0,15.480780,,,,,,,176,67,34,,,,,
,1173,,,0,15.491196,,,,,,,176,64,10,,,,,
,1174,,,0,15.493800,,,,,,,176,67,33,,,,,
,1175,,,0,15.501612,,,,,,,176,64,12,,,,,
,1176,,,0,15.512028,,,,,,,176,64,11,,,,,
,1177,,,0,15.543276,,,,,,,176,64,12,,,,,
,1178,,,0,15.553692,,,,,,,176,64,11,,,,,
,1179,,,0,15.592752,,,,,,,176,67,34,,,,,
,1180,,,0,15.610980,,,,,,,176,64,12,,,,,
,1181,,,0,15.613584,,,,,,,176,67,33,,,,,
,1182,,,0,15.621396,,,,,,,176,64,11,,,,,
,1183,,,0,15.634416,,,,,,,176,64,12,,,,,
,1184,,,0,15.642228,,,,,,,176,64,10,,,,,
,1185,,,0,15.652644,,,,,,,176,67,34,,,,,
,1186,,,0,15.660456,,,,,,,176,64,12,,,,,
,1187,,,0,15.663060,,,,,,,176,67,33,,,,,
,1188,,,0,15.670872,,,,,,,176,64,11,,,,,
,1189,,,0,15.673476,,,,,,,176,67,34,,,,,
,1190,,,0,15.691704,,,,,,,176,64,9,,,,,
,1191,,,0,15.691704,,,,,,,176,67,33,,,,,
,1192,,,0,15.702120,,,,,,,176,64,12,,,,,
,1193,,,0,15.702120,,,,,,,176,67,34,,,,,
,1194,,,0,15.712536,,,,,,,176,64,9,,,,,
,1195,,,0,15.712536,,,,,,,176,67,33,,,,,
,1196,,,0,15.722952,,,,,,,176,64,11,,,,,
,1197,,,0,15.722952,,,,,,,176,67,34,,,,,
,1198,,,0,15.733368,,,,,,,176,64,9,,,,,
,1199,,,0,15.733368,,,,,,,176,67,33,,,,,
,1200,,,0,15.741180,,,,,,,176,64,11,,,,,
,1201,,,0,15.772428,,,,,,,176,67,34,,,,,
,1202,,,0,15.780240,,,,,,,176,67,33,,,,,
,1203,,,0,15.790656,,,,,,,176,64,12,,,,,
,1204,,,0,15.793260,,,,,,,176,67,34,,,,,
,1205,,,0,15.801072,,,,,,,176,64,10,,,,,
,1206,,,0,15.803676,,,,,,,176,67,33,,,,,
,1207,,,0,15.811488,,,,,,,176,64,11,,,,,
,1208,,,0,15.811488,,,,,,,176,67,34,,,,,
,1209,,,0,15.821904,,,,,,,176,64,9,,,,,
,1210,,,0,15.821904,,,,,,,176,67,33,,,,,
,1211,,,0,15.832320,,,,,,,176,64,11,,,,,
,1212,,,0,15.842736,,,,,,,176,64,8,,,,,
,1213,,,0,15.850548,,,,,,,176,64,11,,,,,
,1214,,,0,15.860964,,,,,,,176,64,9,,,,,
,1215,,,0,15.871380,,,,,,,176,64,10,,,,,
,1216,,,0,15.881796,,,,,,,176,67,32,,,,,
,1217,,,0,15.892212,,,,,,,176,67,29,,,,,
,1218,,,0,15.902628,,,,,,,176,64,12,,,,,
,1219,,,0,15.902628,,,,,,,176,67,28,,,,,
,1220,,,0,15.910440,,,,,,,176,64,10,,,,,
,1221,,,0,15.913044,,,,,,,176,67,27,,,,,
,1222,,,0,15.920856,,,,,,,176,64,11,,,,,
,1223,,,0,15.931272,,,,,,,176,67,26,,,,,
,1224,,,0,15.941688,,,,,,,176,67,25,,,,,
,1225,,,0,15.952104,,,,,,,176,64,12,,,,,
,1226,,,0,15.952104,,,,,,,176,67,21,,,,,
,1227,,,0,15.970332,,,,,,,176,64,11,,,,,
,1228,,,0,15.991164,,,,,,,176,64,12,,,,,
,1229,,,0,16.011996,,,,,,,176,67,20,,,,,
,1230,,,0,16.022412,,,,,,,176,67,21,,,,,
,1231,,,0,16.030224,,,,,,,176,64,11,,,,,
,1232,,,0,16.051056,,,,,,,176,64,12,,,,,
,1233,,,0,16.061472,,,,,,,176,64,8,,,,,
,1234,,,0,16.082304,,,,,,,176,64,7,,,,,
,1235,,,0,16.092720,,,,,,,176,64,8,,,,,
,1236,,,0,16.100532,,,,,,,176,64,7,,,,,
,1237,,,0,16.131780,,,,,,,176,64,8,,,,,
,1238,,,0,16.142196,,,,,,,176,64,7,,,,,
,1239,,,0,16.152612,,,,,,,176,64,8,,,,,
,1240,,,0,16.152612,,,,,,,176,67,20,,,,,
,1241,,,0,16.160424,,,,,,,176,67,21,,,,,
,1242,,,0,16.170840,,,,,,,176,64,7,,,,,
,1243,,,0,16.181256,,,,,,,176,64,8,,,,,
,1244,,,0,16.191672,,,,,,,176,64,7,,,,,
,1245,,,0,16.230732,,,,,,,176,67,20,,,,,
,1246,,,0,16.241148,,,,,,,176,67,21,,,,,
,1247,,,0,16.251564,,,,,,,176,67,20,,,,,
,1248,,,0,16.261980,,,,,,,176,67,21,,,,,
,1249,,,0,16.290624,,,,,,,176,64,8,,,,,
,1250,,,0,16.301040,,,,,,,176,64,7,,,,,
,1251,,,0,16.311456,,,,,,,176,64,8,,,,,
,1252,,,0,16.332288,,,,,,,176,64,7,,,,,
,1253,,,0,16.332288,,,,,,,176,67,22,,,,,
,1254,,,0,16.342704,,,,,,,176,67,20,,,,,
,1255,,,0,16.350516,,,,,,,176,64,8,,,,,
,1256,,,0,16.353120,,,,,,,176,67,21,,,,,
,1257,,,0,16.360932,,,,,,,176,64,7,,,,,
,1258,,,0,16.371348,,,,,,,176,64,8,,,,,
,1259,,,0,16.392180,,,,,,,176,64,7,,,,,
,1260,,,0,16.402596,,,,,,,176,64,8,,,,,
,1261,,,0,16.410408,,,,,,,176,64,6,,,,,
,1262,,,0,16.420824,,,,,,,176,64,7,,,,,
,1263,,,0,16.431240,,,,,,,176,64,6,,,,,
,1264,,,0,16.441656,,,,,,,176,64,7,,,,,
,1265,,,0,16.470300,,,,,,,176,67,20,,,,,
,1266,,,0,16.480716,,,,,,,176,64,8,,,,,
,1267,,,0,16.483320,,,,,,,176,67,21,,,,,
,1268,,,0,16.491132,,,,,,,176,64,7,,,,,
,1269,,,0,16.514568,,,,,,,176,64,8,,,,,
,1270,,,0,16.522380,,,,,,,176,64,7,,,,,
,1271,,,0,16.530192,,,,,,,176,64,8,,,,,
,1272,,,0,16.540608,,,,,,,176,64,7,,,,,
,1273,,,0,16.582272,,,,,,,176,64,8,,,,,
,1274,,,0,16.582272,,,,,,,176,67,20,,,,,
,1275,,,0,16.592688,,,,,,,176,64,7,,,,,
,1276,,,0,16.600500,,,,,,,176,64,8,,,,,
,1277,,,0,16.603104,,,,,,,176,67,21,,,,,
,1278,,,0,16.610916,,,,,,,176,64,7,,,,,
,1279,,,0,16.613520,,,,,,,176,67,22,,,,,
,1280,,,0,16.621332,,,,,,,176,64,8,,,,,
,1281,,,0,16.621332,,,,,,,176,67,21,,,,,
,1282,,,0,16.631748,,,,,,,176,64,7,,,,,
,1283,,,0,16.642164,,,,,,,176,64,8,,,,,
,1284,,,0,16.652580,,,,,,,176,64,7,,,,,
,1285,,,0,16.670808,,,,,,,176,67,20,,,,,
,1286,,,0,16.681224,,,,,,,176,67,21,,,,,
,1287,,,0,16.702056,,,,,,,176,64,8,,,,,
,1288,,,0,16.720284,,,,,,,176,64,7,,,,,
,1289,,,0,16.733304,,,,,,,176,64,8,,,,,
,1290,,,0,16.741116,,,,,,,176,64,7,,,,,
,1291,,,0,16.751532,,,,,,,176,64,8,,,,,
,1292,,,0,16.761948,,,,,,,176,64,7,,,,,
,1293,,,0,16.790592,,,,,,,176,64,8,,,,,
,1294,,,0,16.803612,,,,,,,176,64,6,,,,,
,1295,,,0,16.811424,,,,,,,176,64,8,,,,,
,1296,,,0,16.824444,,,,,,,176,64,7,,,,,
,1297,,,0,16.860900,,,,,,,176,64,8,,,,,
,1298,,,0,16.863504,,,,,,,176,67,20,,,,,
,1299,,,0,16.871316,,,,,,,176,64,7,,,,,
,1300,,,0,16.871316,,,,,,,176,67,21,,,,,
,1301,,,0,16.902564,,,,,,,176,67,22,,,,,
,1302,,,0,16.910376,,,,,,,176,67,20,,,,,
,1303,,,0,16.920792,,,,,,,176,67,21,,,,,
,1304,,,0,16.952040,,,,,,,176,64,8,,,,,
,1305,,,0,16.962456,,,,,,,176,64,7,,,,,
,1306,,,0,16.965060,,,,,,,176,67,20,,,,,
,1307,,,0,16.972872,,,,,,,176,67,21,,,,,
,1308,,,0,16.980684,,,,,,,176,67,20,,,,,
,1309,,,0,16.991100,,,,,,,176,67,21,,,,,
,1310,,,0,17.011932,,,,,,,176,64,8,,,,,
,1311,,,0,17.022348,,,,,,,176,64,6,,,,,
,1312,,,0,17.030160,,,,,,,176,64,7,,,,,
,1313,,,0,17.050992,,,,,,,176,67,20,,,,,
,1314,,,0,17.061408,,,,,,,176,64,8,,,,,
,1315,,,0,17.061408,,,,,,,176,67,21,,,,,
,1316,,,0,17.082240,,,,,,,176,64,7,,,,,
,1317,,,0,17.100468,,,,,,,176,64,8,,,,,
,1318,,,0,17.110884,,,,,,,176,64,7,,,,,
,1319,,,0,17.152548,,,,,,,176,64,6,,,,,
,1320,,,0,17.152548,,,,,,,176,67,20,,,,,
,1321,,,0,17.160360,,,,,,,176,64,7,,,,,
,1322,,,0,17.162964,,,,,,,176,67,21,,,,,
,1323,,,0,17.181192,,,,,,,176,64,8,,,,,
,1324,,,0,17.191608,,,,,,,176,64,7,,,,,
,1325,,,0,17.202024,,,,,,,176,67,20,,,,,
,1326,,,0,17.212440,,,,,,,176,64,8,,,,,
,1327,,,0,17.212440,,,,,,,176,67,21,,,,,
,1328,,,0,17.220252,,,,,,,176,64,6,,,,,
,1329,,,0,17.230668,,,,,,,176,64,7,,,,,
,1330,,,0,17.241084,,,,,,,176,64,6,,,,,
,1331,,,0,17.251500,,,,,,,176,64,7,,,,,
,1332,,,0,17.272332,,,,,,,176,64,8,,,,,
,1333,,,0,17.280144,,,,,,,176,64,7,,,,,
,1334,,,0,17.290560,,,,,,,176,64,8,,,,,
,1335,,,0,17.300976,,,,,,,176,64,7,,,,,
,1336,,,0,17.303580,,,,,,,176,67,20,,,,,
,1337,,,0,17.311392,,,,,,,176,67,21,,,,,
,1338,,,0,17.321808,,,,,,,176,64,8,,,,,
,1339,,,0,17.332224,,,,,,,176,64,7,,,,,
,1340,,,0,17.342640,,,,,,,176,64,8,,,,,
,1341,,,0,17.350452,,,,,,,176,64,6,,,,,
,1342,,,0,17.360868,,,,,,,176,64,8,,,,,
,1343,,,0,17.371284,,,,,,,176,64,7,,,,,
,1344,,,0,17.371284,,,,,,,176,67,20,,,,,
,1345,,,0,17.381700,,,,,,,176,64,8,,,,,
,1346,,,0,17.381700,,,,,,,176,67,21,,,,,
,1347,,,0,17.392116,,,,,,,176,64,6,,,,,
,1348,,,0,17.402532,,,,,,,176,64,7,,,,,
,1349,,,0,17.410344,,,,,,,176,64,8,,,,,
,1350,,,0,17.441592,,,,,,,176,64,7,,,,,
,1351,,,0,17.452008,,,,,,,176,64,8,,,,,
,1352,,,0,17.462424,,,,,,,176,64,7,,,,,
,1353,,,0,17.480652,,,,,,,176,64,6,,,,,
,1354,,,0,17.491068,,,,,,,176,64,7,,,,,
,1355,,,0,17.491068,,,,,,,176,67,20,,,,,
,1356,,,0,17.501484,,,,,,,176,64,8,,,,,
,1357,,,0,17.501484,,,,,,,176,67,21,,,,,
,1358,,,0,17.522316,,,,,,,176,64,7,,,,,
,1359,,,0,17.540544,,,,,,,176,64,8,,,,,
,1360,,,0,17.543148,,,,,,,176,67,20,,,,,
,1361,,,0,17.553564,,,,,,,176,64,7,,,,,
,1362,,,0,17.571792,,,,,,,176,64,6,,,,,
,1363,,,0,17.571792,,,,,,,176,67,21,,,,,
,1364,,,0,17.582208,,,,,,,176,64,7,,,,,
,1365,,,0,17.590020,,,,,,,176,64,6,,,,,
,1366,,,0,17.592624,,,,,,,176,67,20,,,,,
,1367,,,0,17.600436,,,,,,,176,64,7,,,,,
,1368,,,0,17.603040,,,,,,,176,67,21,,,,,
,1369,,,0,17.610852,,,,,,,176,64,8,,,,,
,1370,,,0,17.631684,,,,,,,176,64,6,,,,,
,1371,,,0,17.642100,,,,,,,176,64,7,,,,,
,1372,,,0,17.652516,,,,,,,176,64,8,,,,,
,1373,,,0,17.660328,,,,,,,176,64,7,,,,,
,1374,,,0,17.691576,,,,,,,176,64,8,,,,,
,1375,,,0,17.701992,,,,,,,176,64,6,,,,,
,1376,,,0,17.712408,,,,,,,176,64,8,,,,,
,1377,,,0,17.720220,,,,,,,176,64,6,,,,,
,1378,,,0,17.730636,,,,,,,176,64,8,,,,,
,1379,,,0,17.741052,,,,,,,176,64,5,,,,,
,1380,,,0,17.751468,,,,,,,176,64,7,,,,,
,1381,,,0,17.780112,,,,,,,176,64,8,,,,,
,1382,,,0,17.790528,,,,,,,176,64,7,,,,,
,1383,,,0,17.800944,,,,,,,176,64,8,,,,,
,1384,,,0,17.811360,,,,,,,176,64,7,,,,,
,1385,,,0,17.840004,,,,,,,176,64,8,,,,,
,1386,,,0,17.850420,,,,,,,176,64,7,,,,,
,1387,,,0,17.871252,,,,,,,176,67,20,,,,,
,1388,,,0,17.881668,,,,,,,176,67,21,,,,,
,1389,,,0,17.912916,,,,,,,176,64,6,,,,,
,1390,,,0,17.920728,,,,,,,176,64,7,,,,,
,1391,,,0,17.941560,,,,,,,176,64,6,,,,,
,1392,,,0,17.951976,,,,,,,176,64,7,,,,,
,1393,,,0,17.980620,,,,,,,176,64,6,,,,,
,1394,,,0,17.991036,,,,,,,176,64,7,,,,,
,1395,,,0,18.022284,,,,,,,176,64,8,,,,,
,1396,,,0,18.022284,,,,,,,176,67,20,,,,,
,1397,,,0,18.030096,,,,,,,176,64,7,,,,,
,1398,,,0,18.032700,,,,,,,176,67,21,,,,,
,1399,,,0,18.050928,,,,,,,176,64,5,,,,,
,1400,,,0,18.053532,,,,,,,176,67,22,,,,,
,1401,,,0,18.061344,,,,,,,176,64,7,,,,,
,1402,,,0,18.063948,,,,,,,176,67,21,,,,,
,1403,,,0,18.092592,,,,,,,176,64,6,,,,,
,1404,,,0,18.100404,,,,,,,176,64,8,,,,,
,1405,,,0,18.110820,,,,,,,176,64,7,,,,,
,1406,,,0,18.131652,,,,,,,176,67,20,,,,,
,1407,,,0,18.142068,,,,,,,176,67,21,,,,,
,1408,,,0,18.152484,,,,,,,176,64,8,,,,,
,1409,,,0,18.160296,,,,,,,176,64,7,,,,,
,1410,,,0,18.181128,,,,,,,176,64,8,,,,,
,1411,,,0,18.181128,,,,,,,176,67,20,,,,,
,1412,,,0,18.191544,,,,,,,176,67,21,,,,,
,1413,,,0,18.201960,,,,,,,176,64,6,,,,,
,1414,,,0,18.212376,,,,,,,176,64,7,,,,,
,1415,,,0,18.220188,,,,,,,176,64,6,,,,,
,1416,,,0,18.233208,,,,,,,176,64,7,,,,,
,1417,,,0,18.241020,,,,,,,176,64,8,,,,,
,1418,,,0,18.251436,,,,,,,176,64,7,,,,,
,1419,,,0,18.251436,,,,,,,176,67,20,,,,,
,1420,,,0,18.261852,,,,,,,176,64,6,,,,,
,1421,,,0,18.272268,,,,,,,176,64,7,,,,,
,1422,,,0,18.272268,,,,,,,176,67,21,,,,,
,1423,,,0,18.303516,,,,,,,176,64,8,,,,,
,1424,,,0,18.311328,,,,,,,176,64,7,,,,,
,1425,,,0,18.313932,,,,,,,176,67,20,,,,,
,1426,,,0,18.321744,,,,,,,176,64,8,,,,,
,1427,,,0,18.321744,,,,,,,176,67,21,,,,,
,1428,,,0,18.332160,,,,,,,176,64,7,,,,,
,1429,,,0,18.342576,,,,,,,176,64,8,,,,,
,1430,,,0,18.350388,,,,,,,176,64,6,,,,,
,1431,,,0,18.363408,,,,,,,176,64,7,,,,,
,1432,,,0,18.371220,,,,,,,176,64,8,,,,,
,1433,,,0,18.405072,,,,,,,176,64,6,,,,,
,1434,,,0,18.420696,,,,,,,176,64,7,,,,,
,1435,,,0,18.441528,,,,,,,176,64,5,,,,,
,1436,,,0,18.451944,,,,,,,176,64,7,,,,,
,1437,,,0,18.470172,,,,,,,176,64,8,,,,,
,1438,,,0,18.480588,,,,,,,176,64,7,,,,,
,1439,,,0,18.530064,,,,,,,176,64,6,,,,,
,1440,,,0,18.540480,,,,,,,176,64,8,,,,,
,1441,,,0,18.550896,,,,,,,176,64,6,,,,,
,1442,,,0,18.571728,,,,,,,176,64,7,,,,,
,1443,,,0,18.592560,,,,,,,176,67,20,,,,,
,1444,,,0,18.602976,,,,,,,176,64,6,,,,,
,1445,,,0,18.602976,,,,,,,176,67,21,,,,,
,1446,,,0,18.613392,,,,,,,176,64,8,,,,,
,1447,,,0,18.613392,,,,,,,176,67,20,,,,,
,1448,,,0,18.621204,,,,,,,176,64,7,,,,,
,1449,,,0,18.621204,,,,,,,176,67,21,,,,,
,1450,,,0,18.631620,,,,,,,176,64,8,,,,,
,1451,,,0,18.642036,,,,,,,176,64,7,,,,,
,1452,,,0,18.642036,,,,,,,176,67,22,,,,,
,1453,,,0,18.652452,,,,,,,176,67,21,,,,,
,1454,,,0,18.660264,,,,,,,176,64,6,,,,,
,1455,,,0,18.670680,,,,,,,176,64,8,,,,,
,1456,,,0,18.681096,,,,,,,176,64,6,,,,,
,1457,,,0,18.691512,,,,,,,176,64,7,,,,,
,1458,,,0,18.722760,,,,,,,176,64,8,,,,,
,1459,,,0,18.722760,,,,,,,176,67,20,,,,,
,1460,,,0,18.730572,,,,,,,176,64,7,,,,,
,1461,,,0,18.733176,,,,,,,176,67,21,,,,,
,1462,,,0,18.740988,,,,,,,176,64,8,,,,,
,1463,,,0,18.751404,,,,,,,176,64,7,,,,,
,1464,,,0,18.772236,,,,,,,176,67,20,,,,,
,1465,,,0,18.780048,,,,,,,176,64,8,,,,,
,1466,,,0,18.782652,,,,,,,176,67,21,,,,,
,1467,,,0,18.790464,,,,,,,176,67,20,,,,,
,1468,,,0,18.811296,,,,,,,176,64,6,,,,,
,1469,,,0,18.821712,,,,,,,176,64,7,,,,,
,1470,,,0,18.850356,,,,,,,176,64,8,,,,,
,1471,,,0,18.852960,,,,,,,176,67,21,,,,,
,1472,,,0,18.863376,,,,,,,176,64,6,,,,,
,1473,,,0,18.871188,,,,,,,176,64,8,,,,,
,1474,,,0,18.881604,,,,,,,176,64,7,,,,,
,1475,,,0,18.892020,,,,,,,176,67,20,,,,,
,1476,,,0,18.902436,,,,,,,176,64,6,,,,,
,1477,,,0,18.902436,,,,,,,176,67,21,,,,,
,1478,,,0,18.912852,,,,,,,176,64,7,,,,,
,1479,,,0,18.931080,,,,,,,176,64,8,,,,,
,1480,,,0,18.951912,,,,,,,176,64,7,,,,,
,1481,,,0,18.990972,,,,,,,176,64,8,,,,,
,1482,,,0,19.011804,,,,,,,176,67,20,,,,,
,1483,,,0,19.022220,,,,,,,176,67,21,,,,,
,1484,,,0,19.032636,,,,,,,176,64,7,,,,,
,1485,,,0,19.043052,,,,,,,176,64,8,,,,,
,1486,,,0,19.053468,,,,,,,176,64,6,,,,,
,1487,,,0,19.061280,,,,,,,176,64,7,,,,,
,1488,,,0,19.061280,,,,,,,176,67,20,,,,,
,1489,,,0,19.071696,,,,,,,176,67,21,,,,,
,1490,,,0,19.082112,,,,,,,176,64,8,,,,,
,1491,,,0,19.102944,,,,,,,176,64,7,,,,,
,1492,,,0,19.113360,,,,,,,176,64,6,,,,,
,1493,,,0,19.121172,,,,,,,176,64,7,,,,,
,1494,,,0,19.142004,,,,,,,176,64,6,,,,,
,1495,,,0,19.152420,,,,,,,176,64,7,,,,,
,1496,,,0,19.173252,,,,,,,176,64,8,,,,,
,1497,,,0,19.181064,,,,,,,176,64,7,,,,,
,1498,,,0,19.191480,,,,,,,176,67,22,,,,,
,1499,,,0,19.201896,,,,,,,176,64,8,,,,,
,1500,,,0,19.201896,,,,,,,176,67,20,,,,,
,1501,,,0,19.212312,,,,,,,176,64,6,,,,,
,1502,,,0,19.212312,,,,,,,176,67,21,,,,,
,1503,,,0,19.240956,,,,,,,176,64,7,,,,,
,1504,,,0,19.251372,,,,,,,176,64,4,,,,,
,1505,,,0,19.261788,,,,,,,176,64,7,,,,,
,1506,,,0,19.272204,,,,,,,176,64,6,,,,,
,1507,,,0,19.282620,,,,,,,176,64,7,,,,,
,1508,,,0,19.293036,,,,,,,176,64,8,,,,,
,1509,,,0,19.321680,,,,,,,176,64,7,,,,,
,1510,,,0,19.371156,,,,,,,176,64,8,,,,,
,1511,,,0,19.391988,,,,,,,176,64,4,,,,,
,1512,,,0,19.431048,,,,,,,176,64,7,,,,,
,1513,,,0,19.451880,,,,,,,176,64,8,,,,,
,1514,,,0,19.462296,,,,,,,176,64,6,,,,,
,1515,,,0,19.472712,,,,,,,176,64,7,,,,,
,1516,,,0,19.490940,,,,,,,176,64,6,,,,,
,1517,,,0,19.501356,,,,,,,176,64,7,,,,,
,1518,,,0,19.511772,,,,,,,176,64,6,,,,,
,1519,,,0,19.522188,,,,,,,176,64,7,,,,,
,1520,,,0,19.532604,,,,,,,176,64,8,,,,,
,1521,,,0,19.543020,,,,,,,176,64,7,,,,,
,1522,,,0,19.553436,,,,,,,176,64,8,,,,,
,1523,,,0,19.563852,,,,,,,176,64,7,,,,,
,1524,,,0,19.582080,,,,,,,176,67,20,,,,,
,1525,,,0,19.592496,,,,,,,176,64,8,,,,,
,1526,,,0,19.602912,,,,,,,176,64,7,,,,,
,1527,,,0,19.602912,,,,,,,176,67,21,,,,,
,1528,,,0,19.613328,,,,,,,176,64,8,,,,,
,1529,,,0,19.621140,,,,,,,176,64,6,,,,,
,1530,,,0,19.631556,,,,,,,176,64,7,,,,,
,1531,,,0,19.652388,,,,,,,176,64,8,,,,,
,1532,,,0,19.662804,,,,,,,176,64,7,,,,,
,1533,,,0,19.681032,,,,,,,176,64,8,,,,,
,1534,,,0,19.683636,,,,,,,176,67,20,,,,,
,1535,,,0,19.691448,,,,,,,176,64,7,,,,,
,1536,,,0,19.694052,,,,,,,176,67,23,,,,,
,1537,,,0,19.701864,,,,,,,176,64,8,,,,,
,1538,,,0,19.701864,,,,,,,176,67,21,,,,,
,1539,,,0,19.712280,,,,,,,176,64,7,,,,,
,1540,,,0,19.722696,,,,,,,176,64,8,,,,,
,1541,,,0,19.733112,,,,,,,176,64,6,,,,,
,1542,,,0,19.743528,,,,,,,176,64,8,,,,,
,1543,,,0,19.751340,,,,,,,176,64,6,,,,,
,1544,,,0,19.761756,,,,,,,176,64,8,,,,,
,1545,,,0,19.772172,,,,,,,176,67,20,,,,,
,1546,,,0,19.782588,,,,,,,176,64,7,,,,,
,1547,,,0,19.782588,,,,,,,176,67,21,,,,,
,1548,,,0,19.793004,,,,,,,176,67,20,,,,,
,1549,,,0,19.800816,,,,,,,176,67,21,,,,,
,1550,,,0,19.811232,,,,,,,176,64,8,,,,,
,1551,,,0,19.821648,,,,,,,176,64,7,,,,,
,1552,,,0,19.832064,,,,,,,176,64,8,,,,,
,1553,,,0,19.842480,,,,,,,176,64,7,,,,,
,1554,,,0,19.852896,,,,,,,176,64,8,,,,,
,1555,,,0,19.863312,,,,,,,176,64,7,,,,,
,1556,,,0,19.891956,,,,,,,176,64,8,,,,,
,1557,,,0,19.902372,,,,,,,176,64,7,,,,,
,1558,,,0,19.902372,,,,,,,176,67,20,,,,,
,1559,,,0,19.912788,,,,,,,176,67,21,,,,,
,1560,,,0,19.941432,,,,,,,176,64,8,,,,,
,1561,,,0,19.951848,,,,,,,176,64,7,,,,,
,1562,,,0,19.972680,,,,,,,176,64,8,,,,,
,1563,,,0,19.972680,,,,,,,176,67,20,,,,,
,1564,,,0,19.990908,,,,,,,176,64,7,,,,,
,1565,,,0,20.001324,,,,,,,176,67,21,,,,,
,1566,,,0,20.011740,,,,,,,176,64,6,,,,,
,1567,,,0,20.022156,,,,,,,176,64,7,,,,,
,1568,,,0,20.032572,,,,,,,176,64,8,,,,,
,1569,,,0,20.042988,,,,,,,176,64,7,,,,,
,1570,,,0,20.082048,,,,,,,176,64,6,,,,,
,1571,,,0,20.102880,,,,,,,176,64,7,,,,,
,1572,,,0,20.121108,,,,,,,176,64,6,,,,,
,1573,,,0,20.131524,,,,,,,176,64,7,,,,,
,1574,,,0,20.162772,,,,,,,176,64,8,,,,,
,1575,,,0,20.162772,,,,,,,176,67,22,,,,,
,1576,,,0,20.173188,,,,,,,176,64,7,,,,,
,1577,,,0,20.173188,,,,,,,176,67,20,,,,,
,1578,,,0,20.181000,,,,,,,176,67,21,,,,,
,1579,,,0,20.233080,,,,,,,176,64,6,,,,,
,1580,,,0,20.240892,,,,,,,176,64,7,,,,,
,1581,,,0,20.272140,,,,,,,176,67,22,,,,,
,1582,,,0,20.282556,,,,,,,176,64,8,,,,,
,1583,,,0,20.282556,,,,,,,176,67,21,,,,,
