dev,port,microsec,id,sec,ch,status,sci_pitch,d0,d1
  3,  0,       0,  0,  0.0000, 0,0xb0,     , 64, 35
  3,  0,    9931,  1,  0.0099, 0,0xb0,     , 64, 36
  3,  0,  170046,  2,  0.1700, 0,0xb0,     , 64, 35
  3,  0,  219996,  3,  0.2200, 0,0xb0,     , 64, 36
  3,  0,  570007,  4,  0.5700, 0,0xb0,     , 64, 35
  3,  0,  620010,  5,  0.6200, 0,0xb0,     , 64, 36
  3,  0,  649996,  6,  0.6500, 0,0xb0,     , 64, 35
  3,  0,  660007,  7,  0.6600, 0,0xb0,     , 64, 34
  3,  0,  669997,  8,  0.6700, 0,0xb0,     , 64, 33
  3,  0,  679955,  9,  0.6800, 0,0xb0,     , 64, 32
  3,  0,  689956, 10,  0.6900, 0,0xb0,     , 64, 31
  3,  0,  700000, 11,  0.7000, 0,0xb0,     , 64, 30
  3,  0,  720958, 12,  0.7210, 0,0xb0,     , 64, 28
  3,  0,  730009, 13,  0.7300, 0,0xb0,     , 64, 27
  3,  0,  739999, 14,  0.7400, 0,0xb0,     , 64, 25
  3,  0,  750007, 15,  0.7500, 0,0xb0,     , 64, 24
  3,  0,  760009, 16,  0.7600, 0,0xb0,     , 64, 23
  3,  0,  770007, 17,  0.7700, 0,0xb0,     , 64, 22
  3,  0,  780007, 18,  0.7800, 0,0xb0,     , 64, 21
  3,  0,  790008, 19,  0.7900, 0,0xb0,     , 64, 20
  3,  0,  800008, 20,  0.8000, 0,0xb0,     , 64, 19
  3,  0,  810010, 21,  0.8100, 0,0xb0,     , 64, 18
  3,  0,  820052, 22,  0.8201, 0,0xb0,     , 64, 17
  3,  0,  830006, 23,  0.8300, 0,0xb0,     , 64, 16
  3,  0,  840002, 24,  0.8400, 0,0xb0,     , 64, 15
  3,  0,  850009, 25,  0.8500, 0,0xb0,     , 64, 14
  3,  0,  860085, 26,  0.8601, 0,0xb0,     , 64, 13
  3,  0,  870011, 27,  0.8700, 0,0xb0,     , 64, 12
  3,  0,  950021, 28,  0.9500, 0,0xb0,     , 64, 11
  3,  0,  960015, 29,  0.9600, 0,0xb0,     , 64, 12
  3,  0,  980015, 30,  0.9800, 0,0xb0,     , 64, 11
  3,  0, 1020021, 31,  1.0200, 0,0xb0,     , 64, 12
  3,  0, 1070024, 32,  1.0700, 0,0xb0,     , 64, 11
  3,  0, 1089975, 33,  1.0900, 0,0xb0,     , 64, 12
  3,  0, 1110066, 34,  1.1101, 0,0xb0,     , 64, 11
  3,  0, 1150068, 35,  1.1501, 0,0xb0,     , 64, 12
  3,  0, 1280034, 36,  1.2800, 0,0xb0,     , 64, 13
  3,  0, 1300029, 37,  1.3000, 0,0xb0,     , 64, 12
  3,  0, 1310030, 38,  1.3100, 0,0xb0,     , 64, 13
  3,  0, 1330025, 39,  1.3300, 0,0xb0,     , 64, 12
  3,  0, 1370034, 40,  1.3700, 0,0xb0,     , 64, 13
  3,  0, 1390036, 41,  1.3900, 0,0xb0,     , 64, 14
  3,  0, 1430024, 42,  1.4300, 0,0xb0,     , 64, 15
  3,  0, 1440034, 43,  1.4400, 0,0xb0,     , 64, 16
  3,  0, 1460035, 44,  1.4600, 0,0xb0,     , 64, 17
  3,  0, 1520078, 45,  1.5201, 0,0xb0,     , 64, 16
  3,  0, 1529991, 46,  1.5300, 0,0xb0,     , 64, 17
  3,  0, 1570044, 47,  1.5700, 0,0xb0,     , 64, 18
  3,  0, 1580036, 48,  1.5800, 0,0xb0,     , 64, 20
  3,  0, 1599995, 49,  1.6000, 0,0xb0,     , 64, 22
  3,  0, 1620050, 50,  1.6200, 0,0xb0,     , 64, 23
  3,  0, 1630016, 51,  1.6300, 0,0xb0,     , 64, 24
  3,  0, 1640049, 52,  1.6400, 0,0xb0,     , 64, 26
  3,  0, 1650050, 53,  1.6501, 0,0xb0,     , 64, 27
  3,  0, 1660035, 54,  1.6600, 0,0xb0,     , 64, 30
  3,  0, 1670047, 55,  1.6700, 0,0xb0,     , 64, 32
  3,  0, 1680048, 56,  1.6800, 0,0xb0,     , 64, 33
  3,  0, 1690045, 57,  1.6900, 0,0xb0,     , 64, 35
  3,  0, 1700038, 58,  1.7000, 0,0xb0,     , 64, 38
  3,  0, 1710046, 59,  1.7100, 0,0xb0,     , 64, 39
  3,  0, 1720045, 60,  1.7200, 0,0xb0,     , 64, 41
  3,  0, 1731046, 61,  1.7310, 0,0xb0,     , 64, 43
  3,  0, 1740041, 62,  1.7400, 0,0xb0,     , 64, 44
  3,  0, 1750047, 63,  1.7500, 0,0xb0,     , 64, 45
  3,  0, 1760048, 64,  1.7600, 0,0xb0,     , 64, 46
  3,  0, 1780049, 65,  1.7800, 0,0xb0,     , 64, 47
  3,  0, 1800049, 66,  1.8000, 0,0xb0,     , 64, 48
  3,  0, 1820050, 67,  1.8200, 0,0xb0,     , 64, 49
  3,  0, 1830092, 68,  1.8301, 0,0xb0,     , 64, 50
  3,  0, 1840049, 69,  1.8400, 0,0xb0,     , 64, 51
  3,  0, 1850050, 70,  1.8500, 0,0xb0,     , 64, 52
  3,  0, 1860052, 71,  1.8601, 0,0xb0,     , 64, 53
  3,  0, 1880053, 72,  1.8801, 0,0xb0,     , 64, 54
  3,  0, 1890052, 73,  1.8901, 0,0xb0,     , 64, 55
  3,  0, 1900046, 74,  1.9000, 0,0xb0,     , 64, 57
  3,  0, 1910056, 75,  1.9101, 0,0xb0,     , 64, 58
  3,  0, 1920054, 76,  1.9201, 0,0xb0,     , 64, 60
  3,  0, 1930057, 77,  1.9301, 0,0xb0,     , 64, 62
  3,  0, 1940056, 78,  1.9401, 0,0xb0,     , 64, 64
  3,  0, 1950054, 79,  1.9501, 0,0xb0,     , 64, 66
  3,  0, 1960059, 80,  1.9601, 0,0xb0,     , 64, 68
  3,  0, 1970098, 81,  1.9701, 0,0xb0,     , 64, 70
  3,  0, 1980053, 82,  1.9801, 0,0xb0,     , 64, 72
  3,  0, 1990049, 83,  1.9900, 0,0xb0,     , 64, 74
  3,  0, 2000061, 84,  2.0001, 0,0xb0,     , 64, 76
  3,  0, 2010062, 85,  2.0101, 0,0xb0,     , 64, 78
  3,  0, 2020060, 86,  2.0201, 0,0xb0,     , 64, 79
  3,  0, 2030062, 87,  2.0301, 0,0xb0,     , 64, 82
  3,  0, 2040059, 88,  2.0401, 0,0xb0,     , 64, 84
  3,  0, 2050065, 89,  2.0501, 0,0xb0,     , 64, 86
  3,  0, 2060066, 90,  2.0601, 0,0xb0,     , 64, 88
  3,  0, 2070060, 91,  2.0701, 0,0xb0,     , 64, 90
  3,  0, 2080065, 92,  2.0801, 0,0xb0,     , 64, 91
  3,  0, 2090061, 93,  2.0901, 0,0xb0,     , 64, 93
  3,  0, 2100055, 94,  2.1001, 0,0xb0,     , 64, 95
  3,  0, 2110066, 95,  2.1101, 0,0xb0,     , 64, 97
  3,  0, 2120063, 96,  2.1201, 0,0xb0,     , 64, 99
  3,  0, 2130073, 97,  2.1301, 0,0xb0,     , 64,101
  3,  0, 2140064, 98,  2.1401, 0,0xb0,     , 64,103
  3,  0, 2150066, 99,  2.1501, 0,0xb0,     , 64,104
  3,  0, 2160063,100,  2.1601, 0,0xb0,     , 64,106
  3,  0, 2170313,101,  2.1703, 0,0xb0,     , 64,107
  3,  0, 2180104,102,  2.1801, 0,0xb0,     , 64,109
  3,  0, 2190065,103,  2.1901, 0,0xb0,     , 64,110
  3,  0, 2200083,104,  2.2001, 0,0xb0,     , 64,112
  3,  0, 2210069,105,  2.2101, 0,0xb0,     , 64,113
  3,  0, 2220066,106,  2.2201, 0,0xb0,     , 64,114
  3,  0, 2230069,107,  2.2301, 0,0xb0,     , 64,115
  3,  0, 2240066,108,  2.2401, 0,0xb0,     , 64,116
  3,  0, 2250185,109,  2.2502, 0,0xb0,     , 64,117
  3,  0, 2260073,110,  2.2601, 0,0xb0,     , 64,118
  3,  0, 2270110,111,  2.2701, 0,0xb0,     , 64,119
  3,  0, 2280062,112,  2.2801, 0,0xb0,     , 64,120
  3,  0, 2340095,113,  2.3401, 0,0xb0,     , 64,121
  3,  0, 2440081,114,  2.4401, 0,0xb0,     , 64,122
  3,  0, 2550142,115,  2.5501, 0,0xb0,     , 64,123
  3,  0, 2560115,116,  2.5601, 0,0xb0,     , 64,122
  3,  0, 2570081,117,  2.5701, 0,0xb0,     , 64,123
  3,  0, 2580081,118,  2.5801, 0,0xb0,     , 64,122
  3,  0, 2590080,119,  2.5901, 0,0xb0,     , 64,123
  3,  0, 2630126,120,  2.6301, 0,0xb0,     , 64,124
  3,  0, 2650083,121,  2.6501, 0,0xb0,     , 64,125
  3,  0, 2670093,122,  2.6701, 0,0xb0,     , 64,127
  3,  0, 2680088,123,  2.6801, 0,0xb0,     , 64,125
  3,  0, 2710091,124,  2.7101, 0,0xb0,     , 64,127
  3,  0, 2879144,125,  2.8791, 0,0x90,   A6, 93, 17
  3,  0, 2895081,126,  2.8951, 0,0x90,   C7, 96, 21
  3,  0, 2987127,127,  2.9871, 0,0x80,     , 93,  0
  3,  0, 3010073,128,  3.0101, 0,0x90,   E7,100, 34
  3,  0, 3017050,129,  3.0170, 0,0x80,     , 96,  0
  3,  0, 3023070,130,  3.0231, 0,0x90,   G6, 91, 29
  3,  0, 3029048,131,  3.0290, 0,0x90,  D#4, 63, 47
  3,  0, 3151027,132,  3.1510, 0,0x80,     , 91,  0
  3,  0, 3171027,133,  3.1710, 0,0x90,   B6, 95, 28
  3,  0, 3231029,134,  3.2310, 0,0x80,     ,100,  0
  3,  0, 3245109,135,  3.2451, 0,0x80,     , 95,  0
  3,  0, 3291031,136,  3.2910, 0,0x90,   G6, 91, 23
  3,  0, 3332160,137,  3.3322, 0,0x90,  G#3, 56, 12
  3,  0, 3363281,138,  3.3633, 0,0x80,     , 91,  0
  3,  0, 3378114,139,  3.3781, 0,0x90,   B6, 95, 24
  3,  0, 3472168,140,  3.4722, 0,0x80,     , 95,  0
  3,  0, 3491125,141,  3.4911, 0,0x90,   G6, 91, 19
  3,  0, 3613172,142,  3.6132, 0,0x80,     , 91,  0
  3,  0, 3626168,143,  3.6262, 0,0x90,   D4, 62, 12
  3,  0, 3631119,144,  3.6311, 0,0x90,   B6, 95, 13
  3,  0, 3731134,145,  3.7311, 0,0x80,     , 95,  0
  3,  0, 3746171,146,  3.7462, 0,0x90,   G6, 91, 31
  3,  0, 3802141,147,  3.8021, 0,0x80,     , 56,  0
  3,  0, 3814136,148,  3.8141, 0,0x80,     , 63,  0
  3,  0, 3857135,149,  3.8571, 0,0x90,   B6, 95, 33
  3,  0, 3861137,150,  3.8611, 0,0x80,     , 91,  0
  3,  0, 3863136,151,  3.8631, 0,0x80,     , 62,  0
  3,  0, 3964221,152,  3.9642, 0,0x80,     , 95,  0
  3,  0, 4015187,153,  4.0152, 0,0x90,   A7,105, 42
  3,  0, 4107196,154,  4.1072, 0,0x80,     ,105,  0
  3,  0, 4213218,155,  4.2132, 0,0x90,   C5, 72, 42
  3,  0, 4280216,156,  4.2802, 0,0x80,     , 72,  0
  3,  0, 4310153,157,  4.3102, 0,0x90,   C7, 96, 35
  3,  0, 4392179,158,  4.3922, 0,0x80,     , 96,  0
  3,  0, 4431208,159,  4.4312, 0,0x90,   G6, 91, 38
  3,  0, 4451159,160,  4.4512, 0,0x90,   E7,100,  1
  3,  0, 4493167,161,  4.4932, 0,0x80,     , 91,  0
  3,  0, 4540211,162,  4.5402, 0,0x90,   B6, 95, 36
  3,  0, 4549206,163,  4.5492, 0,0x80,     ,100,  0
  3,  0, 4607214,164,  4.6072, 0,0x90,  G#3, 56, 15
  3,  0, 4628221,165,  4.6282, 0,0x80,     , 95,  0
  3,  0, 4684216,166,  4.6842, 0,0x90,   C6, 84, 37
  3,  0, 4773222,167,  4.7732, 0,0x80,     , 84,  0
  3,  0, 4786209,168,  4.7862, 0,0x90,   B6, 95, 33
  3,  0, 4872224,169,  4.8722, 0,0x80,     , 95,  0
  3,  0, 4901220,170,  4.9012, 0,0x90,   C6, 84, 31
  3,  0, 4902248,171,  4.9022, 0,0x90,   D4, 62, 16
  3,  0, 4991233,172,  4.9912, 0,0x80,     , 84,  0
  3,  0, 5017224,173,  5.0172, 0,0x90,   B6, 95, 32
  3,  0, 5027230,174,  5.0272, 0,0x80,     , 56,  0
  3,  0, 5105248,175,  5.1052, 0,0x80,     , 95,  0
  3,  0, 5119230,176,  5.1192, 0,0x90,   C6, 84, 28
  3,  0, 5157234,177,  5.1572, 0,0x90,  C#4, 61, 28
  3,  0, 5183234,178,  5.1832, 0,0x80,     , 84,  0
  3,  0, 5194227,179,  5.1942, 0,0x80,     , 62,  0
  3,  0, 5234238,180,  5.2342, 0,0x80,     , 61,  0
  3,  0, 5261233,181,  5.2612, 0,0x90,  D#7, 99, 39
  3,  0, 5322261,182,  5.3223, 0,0x80,     , 99,  0
  3,  0, 5379247,183,  5.3792, 0,0x90,   A7,105, 47
  3,  0, 5495252,184,  5.4953, 0,0x80,     ,105,  0
  3,  0, 5496236,185,  5.4962, 0,0x90,   C7, 96, 34
  3,  0, 5504245,186,  5.5042, 0,0x90,   C5, 72, 30
  3,  0, 5569301,187,  5.5693, 0,0x90,  D#7, 99, 53
  3,  0, 5572205,188,  5.5722, 0,0x80,     , 72,  0
  3,  0, 5585248,189,  5.5852, 0,0x80,     , 96,  0
  3,  0, 5629252,190,  5.6293, 0,0x80,     , 99,  0
  3,  0, 5740257,191,  5.7403, 0,0x90,  D#7, 99, 45
  3,  0, 5805261,192,  5.8053, 0,0x80,     , 99,  0
  3,  0, 5836266,193,  5.8363, 0,0x90,   A7,105,  9
  3,  0, 5904260,194,  5.9043, 0,0x90,  G#3, 56, 23
  3,  0, 5912252,195,  5.9123, 0,0x80,     ,105,  0
  3,  0, 5982270,196,  5.9823, 0,0x80,     , 56,  0
  3,  0, 6084321,197,  6.0843, 0,0x90,  C#6, 85, 34
  3,  0, 6174331,198,  6.1743, 0,0x90,  D#7, 99, 45
  3,  0, 6369364,199,  6.3694, 0,0x90,   F2, 41, 38
  3,  0, 6739295,200,  6.7393, 0,0xb0,     , 67,123
  3,  0, 6749254,201,  6.7493, 0,0xb0,     , 67,121
  3,  0, 6759253,202,  6.7593, 0,0xb0,     , 67,118
  3,  0, 6769206,203,  6.7692, 0,0xb0,     , 67,114
  3,  0, 6779307,204,  6.7793, 0,0xb0,     , 67,111
  3,  0, 6789329,205,  6.7893, 0,0xb0,     , 67,108
  3,  0, 6799338,206,  6.7993, 0,0xb0,     , 67,103
  3,  0, 6809382,207,  6.8094, 0,0x90,  F#3, 54, 39
  3,  0, 6810329,208,  6.8103, 0,0xb0,     , 67,100
  3,  0, 6819344,209,  6.8193, 0,0xb0,     , 67, 96
  3,  0, 6829352,210,  6.8294, 0,0xb0,     , 67, 91
  3,  0, 6839374,211,  6.8394, 0,0xb0,     , 67, 85
  3,  0, 6849419,212,  6.8494, 0,0xb0,     , 67, 79
  3,  0, 6859427,213,  6.8594, 0,0xb0,     , 67, 73
  3,  0, 6869346,214,  6.8693, 0,0xb0,     , 67, 69
  3,  0, 6879423,215,  6.8794, 0,0xb0,     , 67, 63
  3,  0, 6889254,216,  6.8893, 0,0xb0,     , 67, 59
  3,  0, 6899258,217,  6.8993, 0,0xb0,     , 67, 56
  3,  0, 6909214,218,  6.9092, 0,0xb0,     , 67, 52
  3,  0, 6919351,219,  6.9194, 0,0xb0,     , 67, 48
  3,  0, 6929305,220,  6.9293, 0,0xb0,     , 67, 46
  3,  0, 6939296,221,  6.9393, 0,0xb0,     , 67, 44
  3,  0, 6949303,222,  6.9493, 0,0xb0,     , 67, 42
  3,  0, 7048573,223,  7.0486, 0,0x80,     , 48,  0
  3,  0, 7066354,224,  7.0664, 0,0x80,     , 41,  0
  3,  0, 7189318,225,  7.1893, 0,0xb0,     , 67, 43
  3,  0, 7199351,226,  7.1994, 0,0xb0,     , 67, 44
  3,  0, 7204345,227,  7.2043, 0,0x80,     , 54,  0
  3,  0, 7209322,228,  7.2093, 0,0xb0,     , 67, 45
  3,  0, 7219349,229,  7.2193, 0,0xb0,     , 67, 47
  3,  0, 7229389,230,  7.2294, 0,0xb0,     , 67, 50
  3,  0, 7239365,231,  7.2394, 0,0xb0,     , 67, 51
  3,  0, 7249352,232,  7.2494, 0,0xb0,     , 67, 52
  3,  0, 7283318,233,  7.2833, 0,0x80,     , 85,  0
  3,  0, 7389333,234,  7.3893, 0,0xb0,     , 67, 53
  3,  0, 7399352,235,  7.3994, 0,0xb0,     , 67, 52
  3,  0, 7559382,236,  7.5594, 0,0xb0,     , 67, 53
  3,  0, 7586366,237,  7.5864, 0,0x90,   E7,100, 36
  3,  0, 7589363,238,  7.5894, 0,0xb0,     , 67, 52
  3,  0, 7659382,239,  7.6594, 0,0xb0,     , 67, 51
  3,  0, 7679385,240,  7.6794, 0,0xb0,     , 67, 50
  3,  0, 7689335,241,  7.6893, 0,0xb0,     , 67, 49
  3,  0, 7699332,242,  7.6993, 0,0xb0,     , 67, 48
  3,  0, 7712335,243,  7.7123, 0,0x80,     , 99,  0
  3,  0, 7718386,244,  7.7184, 0,0x80,     ,100,  0
  3,  0, 7725342,245,  7.7253, 0,0x90,  G#3, 56, 35
  3,  0, 7739378,246,  7.7394, 0,0xb0,     , 67, 47
  3,  0, 7759386,247,  7.7594, 0,0xb0,     , 67, 46
  3,  0, 7769383,248,  7.7694, 0,0xb0,     , 67, 44
  3,  0, 7779384,249,  7.7794, 0,0xb0,     , 67, 43
  3,  0, 7789383,250,  7.7894, 0,0xb0,     , 67, 42
  3,  0, 7800340,251,  7.8003, 0,0x80,     , 56,  0
  3,  0, 7929381,252,  7.9294, 0,0x90,   D5, 74, 39
  3,  0, 7939389,253,  7.9394, 0,0xb0,     , 67, 41
  3,  0, 7949394,254,  7.9494, 0,0xb0,     , 67, 39
  3,  0, 7959390,255,  7.9594, 0,0xb0,     , 67, 37
  3,  0, 7969389,256,  7.9694, 0,0xb0,     , 67, 35
  3,  0, 7979390,257,  7.9794, 0,0xb0,     , 67, 33
  3,  0, 7989396,258,  7.9894, 0,0xb0,     , 67, 31
  3,  0, 7997384,259,  7.9974, 0,0x80,     , 74,  0
  3,  0, 7999589,260,  7.9996, 0,0x90,  C#5, 73, 50
  3,  0, 8074401,261,  8.0744, 0,0x80,     , 73,  0
  3,  0, 8139401,262,  8.1394, 0,0x90,   D4, 62, 25
  3,  0, 8171389,263,  8.1714, 0,0x90,   G5, 79, 39
  3,  0, 8197282,264,  8.1973, 0,0x80,     , 62,  0
  3,  0, 8216406,265,  8.2164, 0,0x90,   C5, 72, 43
  3,  0, 8273271,266,  8.2733, 0,0x80,     , 72,  0
  3,  0, 8279268,267,  8.2793, 0,0x90,  C#4, 61, 58
  3,  0, 8308313,268,  8.3083, 0,0x90,   B5, 83, 48
  3,  0, 8326270,269,  8.3263, 0,0x80,     , 61,  0
  3,  0, 8358289,270,  8.3583, 0,0x80,     , 83,  0
  3,  0, 8399276,271,  8.3993, 0,0x90,   E5, 76, 60
  3,  0, 8401266,272,  8.4013, 0,0x90,   A6, 93, 70
  3,  0, 8477284,273,  8.4773, 0,0x80,     , 76,  0
  3,  0, 8619441,274,  8.6194, 0,0xb0,     , 67, 30
  3,  0, 8649461,275,  8.6495, 0,0xb0,     , 67, 31
  3,  0, 8983474,276,  8.9835, 0,0x80,     , 79,  0
  3,  0, 9104483,277,  9.1045, 0,0x80,     , 93,  0
  3,  0, 9130723,278,  9.1307, 0,0x80,     , 85,  0
  3,  0,10304527,279, 10.3045, 0,0x90,   G5, 79, 36
  3,  0,10378528,280, 10.3785, 0,0x80,     , 79,  0
  3,  0,10449532,281, 10.4495, 0,0x90,   C5, 72, 26
  3,  0,10526502,282, 10.5265, 0,0x90,   G5, 79, 28
  3,  0,10547527,283, 10.5475, 0,0x80,     , 72,  0
  3,  0,10584548,284, 10.5845, 0,0x90,   D4, 62, 44
  3,  0,10609531,285, 10.6095, 0,0x90,   B5, 83, 44
  3,  0,10650504,286, 10.6505, 0,0x80,     , 62,  0
  3,  0,10659503,287, 10.6595, 0,0xb0,     , 67, 29
  3,  0,10669533,288, 10.6695, 0,0xb0,     , 67, 28
  3,  0,10679540,289, 10.6795, 0,0xb0,     , 67, 26
  3,  0,10689539,290, 10.6895, 0,0xb0,     , 67, 24
  3,  0,10693544,291, 10.6935, 0,0x90,   C5, 72, 15
  3,  0,10699532,292, 10.6995, 0,0xb0,     , 67, 23
  3,  0,10701535,293, 10.7015, 0,0x80,     , 83,  0
  3,  0,10705545,294, 10.7055, 0,0x90,  C#4, 61, 51
  3,  0,10709492,295, 10.7095, 0,0xb0,     , 67, 22
  3,  0,10718668,296, 10.7187, 0,0x90,   G5, 79,  9
  3,  0,10719645,297, 10.7196, 0,0xb0,     , 67, 21
  3,  0,10729582,298, 10.7296, 0,0xb0,     , 67, 20
  3,  0,10739577,299, 10.7396, 0,0xb0,     , 67, 19
  3,  0,10749535,300, 10.7495, 0,0xb0,     , 67, 17
  3,  0,10757496,301, 10.7575, 0,0x80,     , 61,  0
  3,  0,10759543,302, 10.7595, 0,0xb0,     , 67, 15
  3,  0,10769498,303, 10.7695, 0,0xb0,     , 67, 12
  3,  0,10779577,304, 10.7796, 0,0xb0,     , 67, 11
  3,  0,10789544,305, 10.7895, 0,0xb0,     , 67, 10
  3,  0,10800540,306, 10.8005, 0,0x90,   D4, 62, 51
  3,  0,10803506,307, 10.8035, 0,0x90,   B5, 83, 62
  3,  0,10820525,308, 10.8205, 0,0x80,     , 72,  0
  3,  0,10830512,309, 10.8305, 0,0x80,     , 79,  0
  3,  0,10831463,310, 10.8315, 0,0x80,     , 79,  0
  3,  0,10868541,311, 10.8685, 0,0x80,     , 62,  0
  3,  0,10886511,312, 10.8865, 0,0x80,     , 83,  0
  3,  0,11025520,313, 11.0255, 0,0x90,   A6, 93, 72
  3,  0,11030521,314, 11.0305, 0,0x90,   E6, 88, 65
  3,  0,11059525,315, 11.0595, 0,0xb0,     , 67,  9
  3,  0,11079550,316, 11.0795, 0,0xb0,     , 67,  8
  3,  0,11099556,317, 11.0996, 0,0xb0,     , 67,  7
  3,  0,11129520,318, 11.1295, 0,0xb0,     , 67,  6
  3,  0,11199567,319, 11.1996, 0,0xb0,     , 67,  5
  3,  0,11279566,320, 11.2796, 0,0xb0,     , 67,  6
  3,  0,11389562,321, 11.3896, 0,0xb0,     , 64,124
  3,  0,11399563,322, 11.3996, 0,0xb0,     , 64,121
  3,  0,11400517,323, 11.4005, 0,0x90,  G#3, 56, 67
  3,  0,11409564,324, 11.4096, 0,0xb0,     , 64,116
  3,  0,11419569,325, 11.4196, 0,0xb0,     , 64,109
  3,  0,11420518,326, 11.4205, 0,0xb0,     , 67,  5
  3,  0,11429564,327, 11.4296, 0,0xb0,     , 64,100
  3,  0,11430517,328, 11.4305, 0,0xb0,     , 67,  4
  3,  0,11439537,329, 11.4395, 0,0xb0,     , 64, 89
  3,  0,11449565,330, 11.4496, 0,0xb0,     , 64, 78
  3,  0,11459571,331, 11.4596, 0,0xb0,     , 64, 67
  3,  0,11460518,332, 11.4605, 0,0xb0,     , 67,  3
  3,  0,11469586,333, 11.4696, 0,0xb0,     , 64, 59
  3,  0,11479569,334, 11.4796, 0,0xb0,     , 64, 53
  3,  0,11480521,335, 11.4805, 0,0xb0,     , 67,  4
  3,  0,11489536,336, 11.4895, 0,0xb0,     , 64, 50
  3,  0,11499567,337, 11.4996, 0,0xb0,     , 64, 48
  3,  0,11500518,338, 11.5005, 0,0xb0,     , 67,  3
  3,  0,11509566,339, 11.5096, 0,0xb0,     , 67,  4
  3,  0,11529573,340, 11.5296, 0,0xb0,     , 64, 49
  3,  0,11530521,341, 11.5305, 0,0xb0,     , 67,  3
  3,  0,11539539,342, 11.5395, 0,0xb0,     , 64, 50
  3,  0,11549575,343, 11.5496, 0,0xb0,     , 64, 52
  3,  0,11559576,344, 11.5596, 0,0xb0,     , 64, 54
  3,  0,11569739,345, 11.5697, 0,0xb0,     , 64, 57
  3,  0,11579566,346, 11.5796, 0,0xb0,     , 64, 59
  3,  0,11589575,347, 11.5896, 0,0xb0,     , 64, 63
  3,  0,11599587,348, 11.5996, 0,0xb0,     , 64, 68
  3,  0,11609570,349, 11.6096, 0,0xb0,     , 64, 74
  3,  0,11619571,350, 11.6196, 0,0xb0,     , 64, 79
  3,  0,11629569,351, 11.6296, 0,0xb0,     , 64, 86
  3,  0,11639776,352, 11.6398, 0,0xb0,     , 64, 92
  3,  0,11649572,353, 11.6496, 0,0xb0,     , 64, 98
  3,  0,11659579,354, 11.6596, 0,0xb0,     , 64,104
  3,  0,11669747,355, 11.6697, 0,0xb0,     , 64,110
  3,  0,11679574,356, 11.6796, 0,0xb0,     , 64,116
  3,  0,11689585,357, 11.6896, 0,0xb0,     , 64,120
  3,  0,11699573,358, 11.6996, 0,0xb0,     , 64,122
  3,  0,11709576,359, 11.7096, 0,0xb0,     , 64,123
  3,  0,11719582,360, 11.7196, 0,0xb0,     , 64,124
  3,  0,11729754,361, 11.7298, 0,0xb0,     , 67,  4
  3,  0,11739581,362, 11.7396, 0,0xb0,     , 64,123
  3,  0,11749582,363, 11.7496, 0,0xb0,     , 64,124
  3,  0,11759583,364, 11.7596, 0,0xb0,     , 64,127
  3,  0,11804584,365, 11.8046, 0,0x90,  C#6, 85,104
  3,  0,11809548,366, 11.8095, 0,0xb0,     , 67,  5
  3,  0,11819581,367, 11.8196, 0,0xb0,     , 67,  4
  3,  0,11839710,368, 11.8397, 0,0xb0,     , 67,  3
  3,  0,11854584,369, 11.8546, 0,0x80,     , 88,  0
  3,  0,11859625,370, 11.8596, 0,0xb0,     , 67,  0
  3,  0,11860550,371, 11.8605, 0,0x80,     , 56,  0
  3,  0,11896588,372, 11.8966, 0,0x80,     , 93,  0
  3,  0,11914434,373, 11.9144, 0,0x80,     , 85,  0
  3,  0,11917285,374, 11.9173, 0,0x90,   F2, 41, 90
  3,  0,12244608,375, 12.2446, 0,0x80,     , 41,  0
  3,  0,12252600,376, 12.2526, 0,0x90,  F#3, 54, 36
  3,  0,12343609,377, 12.3436, 0,0x80,     , 54,  0
  3,  0,12375610,378, 12.3756, 0,0x90,   F2, 41, 57
  3,  0,12549616,379, 12.5496, 0,0x80,     , 41,  0
  3,  0,12575621,380, 12.5756, 0,0x90,  F#3, 54, 39
  3,  0,12740626,381, 12.7406, 0,0x90,  D#6, 87, 44
  3,  0,12778625,382, 12.7786, 0,0x80,     , 54,  0
  3,  0,12784619,383, 12.7846, 0,0x90,   F2, 41, 49
  3,  0,12837670,384, 12.8377, 0,0x80,     , 41,  0
  3,  0,12955633,385, 12.9556, 0,0x80,     , 87,  0
  3,  0,12967634,386, 12.9676, 0,0x90,   A6, 93, 42
  3,  0,13029722,387, 13.0297, 0,0x80,     , 93,  0
  3,  0,13070638,388, 13.0706, 0,0x90,  D#6, 87, 39
  3,  0,13130637,389, 13.1306, 0,0x80,     , 87,  0
  3,  0,13188682,390, 13.1887, 0,0x90,  G#7,104, 63
  3,  0,13291688,391, 13.2917, 0,0x90,   A5, 81, 43
  3,  0,13314647,392, 13.3146, 0,0x90,   E5, 76, 20
  3,  0,13357645,393, 13.3576, 0,0x80,     , 81,  0
  3,  0,13363653,394, 13.3637, 0,0x80,     ,104,  0
  3,  0,13380646,395, 13.3806, 0,0x80,     , 76,  0
  3,  0,13427624,396, 13.4276, 0,0x90,  D#7, 99, 66
  3,  0,13468625,397, 13.4686, 0,0x80,     , 99,  0
  3,  0,13486622,398, 13.4866, 0,0x90,   A7,105,111
  3,  0,13531575,399, 13.5316, 0,0x90,   C5, 72, 50
  3,  0,13532618,400, 13.5326, 0,0x90,   D5, 74, 41
  3,  0,13537619,401, 13.5376, 0,0x90,   G4, 67, 37
  3,  0,13541610,402, 13.5416, 0,0x90,   A4, 69, 36
  3,  0,13581664,403, 13.5817, 0,0x80,     , 72,  0
  3,  0,13582606,404, 13.5826, 0,0x80,     , 74,  0
  3,  0,13590581,405, 13.5906, 0,0x80,     , 67,  0
  3,  0,13596627,406, 13.5966, 0,0x80,     , 69,  0
  3,  0,13653758,407, 13.6538, 0,0x80,     ,104,  0
  3,  0,13918673,408, 13.9187, 0,0x90,   G6, 91, 53
  3,  0,13936593,409, 13.9366, 0,0x80,     ,105,  0
  3,  0,14008722,410, 14.0087, 0,0x80,     , 91,  0
  3,  0,14065884,411, 14.0659, 0,0x90,   D3, 50, 31
  3,  0,14201730,412, 14.2017, 0,0x80,     , 50,  0
  3,  0,14209729,413, 14.2097, 0,0xb0,     , 67,  3
  3,  0,14229776,414, 14.2298, 0,0xb0,     , 67,  4
  3,  0,14245722,415, 14.2457, 0,0x90,   E5, 76, 48
  3,  0,14249781,416, 14.2498, 0,0xb0,     , 67,  5
  3,  0,14269725,417, 14.2697, 0,0xb0,     , 64,123
  3,  0,14279762,418, 14.2798, 0,0xb0,     , 64,119
  3,  0,14289761,419, 14.2898, 0,0xb0,     , 64,113
  3,  0,14300519,420, 14.3005, 0,0xb0,     , 64,104
  3,  0,14301476,421, 14.3015, 0,0xb0,     , 67,  6
  3,  0,14309762,422, 14.3098, 0,0xb0,     , 64, 95
  3,  0,14319767,423, 14.3198, 0,0xb0,     , 64, 85
  3,  0,14320725,424, 14.3207, 0,0xb0,     , 67,  7
  3,  0,14329794,425, 14.3298, 0,0xb0,     , 64, 76
  3,  0,14330726,426, 14.3307, 0,0xb0,     , 67,  8
  3,  0,14340516,427, 14.3405, 0,0xb0,     , 64, 68
  3,  0,14341516,428, 14.3415, 0,0xb0,     , 67,  9
  3,  0,14349766,429, 14.3498, 0,0xb0,     , 64, 62
  3,  0,14359764,430, 14.3598, 0,0xb0,     , 64, 58
  3,  0,14360729,431, 14.3607, 0,0xb0,     , 67, 10
  3,  0,14362727,432, 14.3627, 0,0x90,  C#3, 49, 26
  3,  0,14369944,433, 14.3699, 0,0xb0,     , 64, 57
  3,  0,14380519,434, 14.3805, 0,0xb0,     , 64, 56
  3,  0,14389761,435, 14.3898, 0,0xb0,     , 64, 57
  3,  0,14391727,436, 14.3917, 0,0x80,     , 76,  0
  3,  0,14399770,437, 14.3998, 0,0xb0,     , 64, 59
  3,  0,14409768,438, 14.4098, 0,0xb0,     , 64, 61
  3,  0,14420573,439, 14.4206, 0,0xb0,     , 64, 64
  3,  0,14429770,440, 14.4298, 0,0xb0,     , 64, 68
  3,  0,14437731,441, 14.4377, 0,0x80,     , 49,  0
  3,  0,14439784,442, 14.4398, 0,0xb0,     , 64, 72
  3,  0,14449787,443, 14.4498, 0,0xb0,     , 64, 76
  3,  0,14460561,444, 14.4606, 0,0xb0,     , 64, 81
  3,  0,14469951,445, 14.4700, 0,0xb0,     , 64, 86
  3,  0,14479771,446, 14.4798, 0,0xb0,     , 64, 90
  3,  0,14481732,447, 14.4817, 0,0x90,  G#2, 44, 25
  3,  0,14489813,448, 14.4898, 0,0xb0,     , 64, 94
  3,  0,14500525,449, 14.5005, 0,0xb0,     , 64, 98
  3,  0,14509819,450, 14.5098, 0,0xb0,     , 64,101
  3,  0,14519775,451, 14.5198, 0,0xb0,     , 64,104
  3,  0,14529772,452, 14.5298, 0,0xb0,     , 64,106
  3,  0,14540573,453, 14.5406, 0,0xb0,     , 64,109
  3,  0,14549792,454, 14.5498, 0,0xb0,     , 64,111
  3,  0,14559772,455, 14.5598, 0,0xb0,     , 64,113
  3,  0,14569779,456, 14.5698, 0,0xb0,     , 64,114
  3,  0,14573735,457, 14.5737, 0,0x90,  C#3, 49, 21
  3,  0,14580566,458, 14.5806, 0,0xb0,     , 64,116
  3,  0,14589775,459, 14.5898, 0,0xb0,     , 64,117
  3,  0,14599779,460, 14.5998, 0,0xb0,     , 64,118
  3,  0,14609776,461, 14.6098, 0,0xb0,     , 64,119
  3,  0,14679786,462, 14.6798, 0,0xb0,     , 64,118
  3,  0,14693742,463, 14.6937, 0,0x90,  D#6, 87, 36
  3,  0,14700572,464, 14.7006, 0,0xb0,     , 64,116
  3,  0,14709779,465, 14.7098, 0,0xb0,     , 64,114
  3,  0,14719788,466, 14.7198, 0,0xb0,     , 64,111
  3,  0,14729781,467, 14.7298, 0,0xb0,     , 64,107
  3,  0,14739871,468, 14.7399, 0,0xb0,     , 64,101
  3,  0,14748786,469, 14.7488, 0,0x90,   C7, 96, 34
  3,  0,14749794,470, 14.7498, 0,0xb0,     , 64, 95
  3,  0,14750754,471, 14.7508, 0,0x80,     , 87,  0
  3,  0,14759818,472, 14.7598, 0,0xb0,     , 64, 88
  3,  0,14769787,473, 14.7698, 0,0xb0,     , 64, 80
  3,  0,14779871,474, 14.7799, 0,0xb0,     , 64, 72
  3,  0,14789783,475, 14.7898, 0,0xb0,     , 64, 64
  3,  0,14799875,476, 14.7999, 0,0xb0,     , 64, 58
  3,  0,14809814,477, 14.8098, 0,0xb0,     , 64, 53
  3,  0,14818292,478, 14.8183, 0,0x90,  D#6, 87, 54
  3,  0,14819785,479, 14.8198, 0,0xb0,     , 64, 49
  3,  0,14829790,480, 14.8298, 0,0xb0,     , 64, 46
  3,  0,14839871,481, 14.8399, 0,0xb0,     , 64, 45
  3,  0,14849786,482, 14.8498, 0,0xb0,     , 64, 43
  3,  0,14870753,483, 14.8708, 0,0xb0,     , 64, 42
  3,  0,14901756,484, 14.9018, 0,0x90,   E7,100, 49
  3,  0,14909789,485, 14.9098, 0,0xb0,     , 64, 43
  3,  0,14929795,486, 14.9298, 0,0xb0,     , 64, 44
  3,  0,14939836,487, 14.9398, 0,0xb0,     , 64, 46
  3,  0,14949806,488, 14.9498, 0,0xb0,     , 64, 47
  3,  0,14959805,489, 14.9598, 0,0xb0,     , 64, 49
  3,  0,14969843,490, 14.9698, 0,0xb0,     , 64, 51
  3,  0,14979843,491, 14.9798, 0,0xb0,     , 64, 53
  3,  0,14989791,492, 14.9898, 0,0xb0,     , 64, 55
  3,  0,14999796,493, 14.9998, 0,0xb0,     , 64, 58
  3,  0,15009792,494, 15.0098, 0,0xb0,     , 64, 60
  3,  0,15019800,495, 15.0198, 0,0xb0,     , 64, 63
  3,  0,15029813,496, 15.0298, 0,0xb0,     , 64, 67
  3,  0,15039840,497, 15.0398, 0,0xb0,     , 64, 71
  3,  0,15049814,498, 15.0498, 0,0xb0,     , 64, 75
  3,  0,15059811,499, 15.0598, 0,0xb0,     , 64, 79
  3,  0,15069825,500, 15.0698, 0,0xb0,     , 64, 85
  3,  0,15079849,501, 15.0798, 0,0xb0,     , 64, 90
  3,  0,15089813,502, 15.0898, 0,0xb0,     , 64, 94
  3,  0,15099818,503, 15.0998, 0,0xb0,     , 64, 99
  3,  0,15109814,504, 15.1098, 0,0xb0,     , 64,104
  3,  0,15119813,505, 15.1198, 0,0xb0,     , 64,108
  3,  0,15129818,506, 15.1298, 0,0xb0,     , 64,112
  3,  0,15139842,507, 15.1398, 0,0xb0,     , 64,115
  3,  0,15149799,508, 15.1498, 0,0xb0,     , 64,118
  3,  0,15159846,509, 15.1598, 0,0xb0,     , 64,120
  3,  0,15163760,510, 15.1638, 0,0x80,     ,100,  0
  3,  0,15169807,511, 15.1698, 0,0xb0,     , 64,121
  3,  0,15179896,512, 15.1799, 0,0xb0,     , 64,122
  3,  0,15206768,513, 15.2068, 0,0x80,     , 96,  0
  3,  0,15215787,514, 15.2158, 0,0x80,     , 87,  0
  3,  0,15219850,515, 15.2198, 0,0xb0,     , 64,123
  3,  0,15259899,516, 15.2599, 0,0xb0,     , 64,124
  3,  0,15279811,517, 15.2798, 0,0xb0,     , 64,125
  3,  0,15289834,518, 15.2898, 0,0xb0,     , 64,127
  3,  0,15312773,519, 15.3128, 0,0x80,     , 44,  0
  3,  0,15612828,520, 15.6128, 0,0x90,  C#7, 97, 94
  3,  0,15619867,521, 15.6199, 0,0x90,  A#3, 58,106
  3,  0,15620780,522, 15.6208, 0,0xb0,     , 67,  9
  3,  0,15621786,523, 15.6218, 0,0x90,   C6, 84, 93
  3,  0,15622778,524, 15.6228, 0,0x90,   E3, 52, 97
  3,  0,15625784,525, 15.6258, 0,0x90,  F#6, 90, 74
  3,  0,15649780,526, 15.6498, 0,0xb0,     , 67,  8
  3,  0,15658363,527, 15.6584, 0,0x80,     , 90,  0
  3,  0,15669788,528, 15.6698, 0,0xb0,     , 67,  7
  3,  0,15685792,529, 15.6858, 0,0x80,     , 84,  0
  3,  0,15686781,530, 15.6868, 0,0x80,     , 97,  0
  3,  0,15696785,531, 15.6968, 0,0x80,     , 58,  0
  3,  0,15709787,532, 15.7098, 0,0xb0,     , 67,  6
  3,  0,15718487,533, 15.7185, 0,0x80,     , 52,  0
  3,  0,15719784,534, 15.7198, 0,0xb0,     , 67,  5
  3,  0,15729782,535, 15.7298, 0,0xb0,     , 67,  3
  3,  0,15739869,536, 15.7399, 0,0xb0,     , 67,  0
  3,  0,15771836,537, 15.7718, 0,0x80,     , 49,  0
  3,  0,15924842,538, 15.9248, 0,0x90,  G#1, 32,105
  3,  0,15952796,539, 15.9528, 0,0x90,  A#1, 34, 60
  3,  0,16062811,540, 16.0628, 0,0x80,     , 34,  0
  3,  0,16320856,541, 16.3209, 0,0x90,  F#3, 54,  6
  3,  0,16391823,542, 16.3918, 0,0x80,     , 32,  0
  3,  0,16413812,543, 16.4138, 0,0x80,     , 54,  0
  3,  0,16517863,544, 16.5179, 0,0x90,  G#1, 32,109
  3,  0,16520818,545, 16.5208, 0,0x90,  A#3, 58,100
  3,  0,16526819,546, 16.5268, 0,0x90,   E3, 52, 94
  3,  0,16628867,547, 16.6289, 0,0x80,     , 52,  0
  3,  0,16686847,548, 16.6868, 0,0x80,     , 58,  0
  3,  0,16957837,549, 16.9578, 0,0x80,     , 32,  0
  3,  0,17226850,550, 17.2268, 0,0x90,  C#7, 97, 97
  3,  0,17232804,551, 17.2328, 0,0x90,   C6, 84, 84
  3,  0,17247852,552, 17.2479, 0,0x90,  G#1, 32, 61
  3,  0,17251803,553, 17.2518, 0,0x90,   E2, 40, 58
  3,  0,17275862,554, 17.2759, 0,0x90,   F2, 41, 50
  3,  0,17285807,555, 17.2858, 0,0x80,     , 84,  0
  3,  0,17296820,556, 17.2968, 0,0x80,     , 32,  0
  3,  0,17302779,557, 17.3028, 0,0x80,     , 97,  0
  3,  0,17304775,558, 17.3048, 0,0x80,     , 40,  0
  3,  0,17332865,559, 17.3329, 0,0x80,     , 41,  0
  3,  0,17337855,560, 17.3379, 0,0x90,  C#7, 97, 96
  3,  0,17343856,561, 17.3439, 0,0x90,   C6, 84,104
  3,  0,17357893,562, 17.3579, 0,0x90,   E2, 40,104
  3,  0,17358850,563, 17.3589, 0,0x90,  G#1, 32, 99
  3,  0,17374953,564, 17.3750, 0,0x90,  D#2, 39, 67
  3,  0,17416042,565, 17.4160, 0,0x80,     , 97,  0
  3,  0,17416981,566, 17.4170, 0,0x80,     , 39,  0
  3,  0,17421854,567, 17.4219, 0,0x80,     , 84,  0
  3,  0,17462898,568, 17.4629, 0,0x80,     , 32,  0
  3,  0,17472897,569, 17.4729, 0,0x80,     , 40,  0
  3,  0,17655906,570, 17.6559, 0,0x90,   C5, 72,105
  3,  0,17666902,571, 17.6669, 0,0x90,  A#3, 58, 92
  3,  0,17676912,572, 17.6769, 0,0x90,  G#3, 56, 71
  3,  0,17730906,573, 17.7309, 0,0x80,     , 72,  0
  3,  0,17734870,574, 17.7349, 0,0x80,     , 56,  0
  3,  0,17743936,575, 17.7439, 0,0x80,     , 58,  0
  3,  0,18139978,576, 18.1400, 0,0xb0,     , 64,122
  3,  0,18140923,577, 18.1409, 0,0x90,   C5, 72, 79
  3,  0,18144925,578, 18.1449, 0,0x90,  A#3, 58, 89
  3,  0,18147926,579, 18.1479, 0,0x90,  G#1, 32, 84
  3,  0,18149923,580, 18.1499, 0,0xb0,     , 64,116
  3,  0,18154922,581, 18.1549, 0,0x90,   E2, 40, 84
  3,  0,18159954,582, 18.1600, 0,0xb0,     , 64,107
  3,  0,18169925,583, 18.1699, 0,0xb0,     , 64, 95
  3,  0,18179974,584, 18.1800, 0,0xb0,     , 64, 82
  3,  0,18189925,585, 18.1899, 0,0xb0,     , 64, 68
  3,  0,18199972,586, 18.2000, 0,0xb0,     , 64, 57
  3,  0,18209926,587, 18.2099, 0,0xb0,     , 64, 50
  3,  0,18219935,588, 18.2199, 0,0xb0,     , 64, 45
  3,  0,18229973,589, 18.2300, 0,0xb0,     , 64, 43
  3,  0,18239926,590, 18.2399, 0,0xb0,     , 64, 42
  3,  0,18249941,591, 18.2499, 0,0xb0,     , 64, 43
  3,  0,18259968,592, 18.2600, 0,0xb0,     , 64, 44
  3,  0,18268928,593, 18.2689, 0,0x80,     , 58,  0
  3,  0,18269975,594, 18.2700, 0,0xb0,     , 64, 45
  3,  0,18279955,595, 18.2800, 0,0xb0,     , 64, 47
  3,  0,18289937,596, 18.2899, 0,0xb0,     , 64, 49
  3,  0,18299971,597, 18.3000, 0,0xb0,     , 64, 52
  3,  0,18309927,598, 18.3099, 0,0xb0,     , 64, 55
  3,  0,18319975,599, 18.3200, 0,0xb0,     , 64, 58
  3,  0,18329927,600, 18.3299, 0,0xb0,     , 64, 62
  3,  0,18339928,601, 18.3399, 0,0xb0,     , 64, 65
  3,  0,18349929,602, 18.3499, 0,0xb0,     , 64, 69
  3,  0,18358980,603, 18.3590, 0,0x80,     , 72,  0
  3,  0,18359897,604, 18.3599, 0,0xb0,     , 64, 73
  3,  0,18369932,605, 18.3699, 0,0xb0,     , 64, 77
  3,  0,18380834,606, 18.3808, 0,0xb0,     , 64, 81
  3,  0,18389979,607, 18.3900, 0,0xb0,     , 64, 86
  3,  0,18399932,608, 18.3999, 0,0xb0,     , 64, 90
  3,  0,18410930,609, 18.4109, 0,0xb0,     , 64, 95
  3,  0,18420856,610, 18.4209, 0,0xb0,     , 64,100
  3,  0,18429950,611, 18.4300, 0,0xb0,     , 64,105
  3,  0,18439932,612, 18.4399, 0,0xb0,     , 64,110
  3,  0,18449947,613, 18.4499, 0,0xb0,     , 64,114
  3,  0,18460985,614, 18.4610, 0,0xb0,     , 64,117
  3,  0,18469934,615, 18.4699, 0,0xb0,     , 64,118
  3,  0,18479950,616, 18.4799, 0,0xb0,     , 64,119
  3,  0,18500826,617, 18.5008, 0,0xb0,     , 64,118
  3,  0,18510026,618, 18.5100, 0,0xb0,     , 64,117
  3,  0,18519949,619, 18.5199, 0,0xb0,     , 64,114
  3,  0,18529935,620, 18.5299, 0,0xb0,     , 64,111
  3,  0,18540841,621, 18.5408, 0,0xb0,     , 64,105
  3,  0,18549985,622, 18.5500, 0,0xb0,     , 64, 98
  3,  0,18559986,623, 18.5600, 0,0xb0,     , 64, 89
  3,  0,18569938,624, 18.5699, 0,0xb0,     , 64, 80
  3,  0,18580856,625, 18.5809, 0,0xb0,     , 64, 71
  3,  0,18587987,626, 18.5880, 0,0x90,  C#6, 85, 81
  3,  0,18589939,627, 18.5899, 0,0xb0,     , 64, 63
  3,  0,18592946,628, 18.5929, 0,0x90,   C5, 72, 76
  3,  0,18599942,629, 18.5999, 0,0xb0,     , 64, 56
  3,  0,18610036,630, 18.6100, 0,0xb0,     , 64, 51
  3,  0,18620829,631, 18.6208, 0,0xb0,     , 64, 48
  3,  0,18629989,632, 18.6300, 0,0xb0,     , 64, 46
  3,  0,18639958,633, 18.6400, 0,0xb0,     , 64, 45
  3,  0,18679962,634, 18.6800, 0,0xb0,     , 64, 46
  3,  0,18700908,635, 18.7009, 0,0xb0,     , 64, 47
  3,  0,18709942,636, 18.7099, 0,0xb0,     , 64, 48
  3,  0,18719944,637, 18.7199, 0,0xb0,     , 64, 50
  3,  0,18729946,638, 18.7299, 0,0xb0,     , 64, 51
  3,  0,18740568,639, 18.7406, 0,0xb0,     , 64, 53
  3,  0,18749977,640, 18.7500, 0,0xb0,     , 64, 55
  3,  0,18760035,641, 18.7600, 0,0xb0,     , 64, 58
  3,  0,18769960,642, 18.7700, 0,0xb0,     , 64, 61
  3,  0,18780038,643, 18.7800, 0,0xb0,     , 64, 64
  3,  0,18789963,644, 18.7900, 0,0xb0,     , 64, 69
  3,  0,18800033,645, 18.8000, 0,0xb0,     , 64, 73
  3,  0,18809947,646, 18.8099, 0,0xb0,     , 64, 77
  3,  0,18820039,647, 18.8200, 0,0xb0,     , 64, 82
  3,  0,18829963,648, 18.8300, 0,0xb0,     , 64, 86
  3,  0,18840041,649, 18.8400, 0,0xb0,     , 64, 90
  3,  0,18850002,650, 18.8500, 0,0xb0,     , 64, 94
  3,  0,18860039,651, 18.8600, 0,0xb0,     , 64, 98
  3,  0,18869998,652, 18.8700, 0,0xb0,     , 64,102
  3,  0,18880000,653, 18.8800, 0,0xb0,     , 64,105
  3,  0,18889999,654, 18.8900, 0,0xb0,     , 64,108
  3,  0,18900000,655, 18.9000, 0,0xb0,     , 64,111
  3,  0,18909099,656, 18.9091, 0,0x80,     , 85,  0
  3,  0,18910001,657, 18.9100, 0,0xb0,     , 64,113
  3,  0,18915966,658, 18.9160, 0,0x80,     , 72,  0
  3,  0,18917966,659, 18.9180, 0,0x80,     , 32,  0
  3,  0,18920206,660, 18.9202, 0,0xb0,     , 64,114
  3,  0,18929995,661, 18.9300, 0,0xb0,     , 64,116
  3,  0,18950004,662, 18.9500, 0,0xb0,     , 64,117
  3,  0,18961002,663, 18.9610, 0,0x80,     , 40,  0
  3,  0,19000006,664, 19.0000, 0,0xb0,     , 64,116
  3,  0,19009956,665, 19.0100, 0,0xb0,     , 64,115
  3,  0,19019957,666, 19.0200, 0,0xb0,     , 64,113
  3,  0,19030005,667, 19.0300, 0,0xb0,     , 64,109
  3,  0,19040005,668, 19.0400, 0,0xb0,     , 64,103
  3,  0,19050008,669, 19.0500, 0,0xb0,     , 64, 95
  3,  0,19059958,670, 19.0600, 0,0xb0,     , 64, 85
  3,  0,19069989,671, 19.0700, 0,0xb0,     , 64, 75
  3,  0,19079972,672, 19.0800, 0,0xb0,     , 64, 65
  3,  0,19089973,673, 19.0900, 0,0xb0,     , 64, 57
  3,  0,19100008,674, 19.1000, 0,0xb0,     , 64, 51
  3,  0,19110010,675, 19.1100, 0,0xb0,     , 64, 47
  3,  0,19120009,676, 19.1200, 0,0xb0,     , 64, 46
  3,  0,19124977,677, 19.1250, 0,0x90,   E2, 40, 40
  3,  0,19127974,678, 19.1280, 0,0x90,  C#6, 85, 42
  3,  0,19128991,679, 19.1290, 0,0x90,   C5, 72, 33
  3,  0,19129963,680, 19.1300, 0,0xb0,     , 64, 45
  3,  0,19152965,681, 19.1530, 0,0x90,  G#1, 32, 14
  3,  0,19160010,682, 19.1600, 0,0xb0,     , 64, 46
  3,  0,19179995,683, 19.1800, 0,0xb0,     , 64, 47
  3,  0,19189977,684, 19.1900, 0,0xb0,     , 64, 49
  3,  0,19200013,685, 19.2000, 0,0xb0,     , 64, 51
  3,  0,19209964,686, 19.2100, 0,0xb0,     , 64, 53
  3,  0,19219979,687, 19.2200, 0,0xb0,     , 64, 56
  3,  0,19220981,688, 19.2210, 0,0x80,     , 32,  0
  3,  0,19230009,689, 19.2300, 0,0xb0,     , 64, 59
  3,  0,19234965,690, 19.2350, 0,0x80,     , 40,  0
  3,  0,19239979,691, 19.2400, 0,0xb0,     , 64, 63
  3,  0,19250015,692, 19.2500, 0,0xb0,     , 64, 67
  3,  0,19260013,693, 19.2600, 0,0xb0,     , 64, 72
  3,  0,19270015,694, 19.2700, 0,0xb0,     , 64, 76
  3,  0,19280017,695, 19.2800, 0,0xb0,     , 64, 80
  3,  0,19290015,696, 19.2900, 0,0xb0,     , 64, 83
  3,  0,19300017,697, 19.3000, 0,0xb0,     , 64, 86
  3,  0,19309015,698, 19.3090, 0,0x80,     , 85,  0
  3,  0,19309981,699, 19.3100, 0,0xb0,     , 64, 88
  3,  0,19319985,700, 19.3200, 0,0xb0,     , 64, 91
  3,  0,19330019,701, 19.3300, 0,0xb0,     , 64, 93
  3,  0,19330969,702, 19.3310, 0,0xb0,     , 67,  2
  3,  0,19340014,703, 19.3400, 0,0xb0,     , 64, 95
  3,  0,19340970,704, 19.3410, 0,0xb0,     , 67,  3
  3,  0,19358020,705, 19.3580, 0,0x90,  G#1, 32, 14
  3,  0,19360019,706, 19.3600, 0,0xb0,     , 67,  4
  3,  0,19361972,707, 19.3620, 0,0x80,     , 72,  0
  3,  0,19370019,708, 19.3700, 0,0xb0,     , 64, 92
  3,  0,19370971,709, 19.3710, 0,0x90,  A#2, 46, 33
  3,  0,19380022,710, 19.3800, 0,0xb0,     , 64, 88
  3,  0,19386018,711, 19.3860, 0,0x90,   E2, 40, 35
  3,  0,19389972,712, 19.3900, 0,0xb0,     , 64, 83
  3,  0,19400020,713, 19.4000, 0,0xb0,     , 64, 78
  3,  0,19400971,714, 19.4010, 0,0xb0,     , 67,  5
  3,  0,19410023,715, 19.4100, 0,0xb0,     , 64, 72
  3,  0,19420973,716, 19.4210, 0,0xb0,     , 64, 67
  3,  0,19430017,717, 19.4300, 0,0xb0,     , 64, 63
  3,  0,19440067,718, 19.4401, 0,0xb0,     , 64, 60
  3,  0,19450024,719, 19.4500, 0,0xb0,     , 64, 58
  3,  0,19470024,720, 19.4700, 0,0xb0,     , 64, 59
  3,  0,19470977,721, 19.4710, 0,0xb0,     , 67,  6
  3,  0,19479989,722, 19.4800, 0,0xb0,     , 64, 60
  3,  0,19490019,723, 19.4900, 0,0xb0,     , 64, 62
  3,  0,19500031,724, 19.5000, 0,0xb0,     , 64, 65
  3,  0,19500975,725, 19.5010, 0,0xb0,     , 67,  7
  3,  0,19510024,726, 19.5100, 0,0xb0,     , 64, 67
  3,  0,19520069,727, 19.5201, 0,0xb0,     , 64, 70
  3,  0,19521028,728, 19.5210, 0,0xb0,     , 67,  8
  3,  0,19527996,729, 19.5280, 0,0x80,     , 32,  0
  3,  0,19528980,730, 19.5290, 0,0x80,     , 46,  0
  3,  0,19529996,731, 19.5300, 0,0xb0,     , 64, 74
  3,  0,19532980,732, 19.5330, 0,0x80,     , 40,  0
  3,  0,19540026,733, 19.5400, 0,0xb0,     , 64, 78
  3,  0,19540978,734, 19.5410, 0,0xb0,     , 67,  9
  3,  0,19550026,735, 19.5500, 0,0xb0,     , 64, 82
  3,  0,19560027,736, 19.5600, 0,0xb0,     , 64, 86
  3,  0,19560978,737, 19.5610, 0,0xb0,     , 67, 10
  3,  0,19570027,738, 19.5700, 0,0xb0,     , 64, 90
  3,  0,19580029,739, 19.5800, 0,0xb0,     , 64, 93
  3,  0,19590028,740, 19.5900, 0,0xb0,     , 64, 96
  3,  0,19600025,741, 19.6000, 0,0xb0,     , 64, 97
  3,  0,19610030,742, 19.6100, 0,0xb0,     , 64, 98
  3,  0,19620030,743, 19.6200, 0,0xb0,     , 64, 99
  3,  0,19630030,744, 19.6300, 0,0xb0,     , 64,100
  3,  0,19640031,745, 19.6400, 0,0xb0,     , 64,101
  3,  0,19650031,746, 19.6500, 0,0xb0,     , 64,102
  3,  0,19660037,747, 19.6600, 0,0xb0,     , 64,103
  3,  0,19670075,748, 19.6701, 0,0xb0,     , 64,104
  3,  0,19720034,749, 19.7200, 0,0xb0,     , 64,102
  3,  0,19730078,750, 19.7301, 0,0xb0,     , 64, 99
  3,  0,19740046,751, 19.7400, 0,0xb0,     , 64, 94
  3,  0,19750078,752, 19.7501, 0,0xb0,     , 64, 88
  3,  0,19760038,753, 19.7600, 0,0xb0,     , 64, 81
  3,  0,19770079,754, 19.7701, 0,0xb0,     , 64, 73
  3,  0,19780031,755, 19.7800, 0,0xb0,     , 64, 65
  3,  0,19790080,756, 19.7901, 0,0xb0,     , 64, 59
  3,  0,19800037,757, 19.8000, 0,0xb0,     , 64, 54
  3,  0,19810037,758, 19.8100, 0,0xb0,     , 64, 51
  3,  0,19820038,759, 19.8200, 0,0xb0,     , 64, 49
  3,  0,19830211,760, 19.8302, 0,0xb0,     , 64, 47
  3,  0,19868041,761, 19.8680, 0,0x90,  C#5, 73, 30
  3,  0,19869992,762, 19.8700, 0,0xb0,     , 64, 48
  3,  0,19872991,763, 19.8730, 0,0x90,   E2, 40, 13
  3,  0,19880009,764, 19.8800, 0,0xb0,     , 64, 49
  3,  0,19880995,765, 19.8810, 0,0x90,   C4, 60, 16
  3,  0,19882009,766, 19.8820, 0,0x90,  G#1, 32,  4
  3,  0,19890041,767, 19.8900, 0,0xb0,     , 64, 50
  3,  0,19900046,768, 19.9000, 0,0xb0,     , 64, 51
  3,  0,19900994,769, 19.9010, 0,0x90,  A#2, 46,  1
  3,  0,19910016,770, 19.9100, 0,0xb0,     , 64, 53
  3,  0,19919994,771, 19.9200, 0,0xb0,     , 64, 56
  3,  0,19929994,772, 19.9300, 0,0xb0,     , 64, 59
  3,  0,19940043,773, 19.9400, 0,0xb0,     , 64, 62
  3,  0,19950010,774, 19.9500, 0,0xb0,     , 64, 66
  3,  0,19960045,775, 19.9600, 0,0xb0,     , 64, 71
  3,  0,19970000,776, 19.9700, 0,0xb0,     , 64, 74
  3,  0,19980044,777, 19.9800, 0,0xb0,     , 64, 79
  3,  0,19982481,778, 19.9825, 0,0x80,     , 60,  0
  3,  0,19990087,779, 19.9901, 0,0xb0,     , 64, 82
  3,  0,19998042,780, 19.9980, 0,0x80,     , 32,  0
  3,  0,19999997,781, 20.0000, 0,0xb0,     , 64, 86
  3,  0,20010048,782, 20.0100, 0,0xb0,     , 64, 88
  3,  0,20020049,783, 20.0200, 0,0xb0,     , 64, 91
  3,  0,20026047,784, 20.0260, 0,0x80,     , 73,  0
  3,  0,20026997,785, 20.0270, 0,0x80,     , 46,  0
  3,  0,20030024,786, 20.0300, 0,0xb0,     , 64, 93
  3,  0,20040047,787, 20.0400, 0,0xb0,     , 64, 95
  3,  0,20050048,788, 20.0500, 0,0xb0,     , 64, 97
  3,  0,20060048,789, 20.0600, 0,0xb0,     , 64, 98
  3,  0,20068048,790, 20.0680, 0,0x80,     , 40,  0
  3,  0,20070048,791, 20.0700, 0,0xb0,     , 64, 99
  3,  0,20080053,792, 20.0801, 0,0xb0,     , 64,100
  3,  0,20090092,793, 20.0901, 0,0xb0,     , 64,102
  3,  0,20100045,794, 20.1000, 0,0xb0,     , 64,103
  3,  0,20110050,795, 20.1101, 0,0xb0,     , 64,104
  3,  0,20180063,796, 20.1801, 0,0xb0,     , 64,102
  3,  0,20190048,797, 20.1900, 0,0xb0,     , 64,100
  3,  0,20200055,798, 20.2001, 0,0xb0,     , 64, 96
  3,  0,20210055,799, 20.2101, 0,0xb0,     , 64, 89
  3,  0,20220054,800, 20.2201, 0,0xb0,     , 64, 82
  3,  0,20231007,801, 20.2310, 0,0xb0,     , 64, 73
  3,  0,20240051,802, 20.2401, 0,0xb0,     , 64, 64
  3,  0,20250057,803, 20.2501, 0,0xb0,     , 64, 56
  3,  0,20260068,804, 20.2601, 0,0xb0,     , 64, 48
  3,  0,20270058,805, 20.2701, 0,0xb0,     , 64, 40
  3,  0,20280057,806, 20.2801, 0,0xb0,     , 64, 32
  3,  0,20282008,807, 20.2820, 0,0x90,  C#5, 73, 22
  3,  0,20290059,808, 20.2901, 0,0xb0,     , 64, 24
  3,  0,20294010,809, 20.2940, 0,0x90,   C4, 60, 19
  3,  0,20300062,810, 20.3001, 0,0xb0,     , 64, 16
  3,  0,20310088,811, 20.3101, 0,0xb0,     , 64, 10
  3,  0,20311009,812, 20.3110, 0,0x90,   E2, 40,  1
  3,  0,20320027,813, 20.3200, 0,0xb0,     , 64,  6
  3,  0,20329058,814, 20.3291, 0,0x90,  A#2, 46, 10
  3,  0,20330052,815, 20.3301, 0,0xb0,     , 64,  3
  3,  0,20340012,816, 20.3400, 0,0xb0,     , 64,  0
  3,  0,20346012,817, 20.3460, 0,0x90,  G#1, 32,  1
  3,  0,20480025,818, 20.4800, 0,0xb0,     , 67,  9
  3,  0,20500028,819, 20.5000, 0,0xb0,     , 67,  8
  3,  0,20510018,820, 20.5100, 0,0xb0,     , 67,  7
  3,  0,20530019,821, 20.5300, 0,0xb0,     , 67,  6
  3,  0,20539981,822, 20.5400, 0,0xb0,     , 64,  3
  3,  0,20550022,823, 20.5500, 0,0xb0,     , 64,  5
  3,  0,20560020,824, 20.5600, 0,0xb0,     , 64,  8
  3,  0,20560981,825, 20.5610, 0,0xb0,     , 67,  5
  3,  0,20570044,826, 20.5700, 0,0xb0,     , 64, 12
  3,  0,20580024,827, 20.5800, 0,0xb0,     , 64, 16
  3,  0,20590024,828, 20.5900, 0,0xb0,     , 64, 21
  3,  0,20600073,829, 20.6001, 0,0xb0,     , 64, 26
  3,  0,20610039,830, 20.6100, 0,0xb0,     , 64, 32
  3,  0,20620044,831, 20.6200, 0,0xb0,     , 64, 36
  3,  0,20630030,832, 20.6300, 0,0xb0,     , 64, 41
  3,  0,20640027,833, 20.6400, 0,0xb0,     , 64, 43
  3,  0,20650027,834, 20.6500, 0,0xb0,     , 64, 46
  3,  0,20660025,835, 20.6600, 0,0xb0,     , 64, 48
  3,  0,20660984,836, 20.6610, 0,0xb0,     , 67,  4
  3,  0,20670038,837, 20.6700, 0,0xb0,     , 64, 50
  3,  0,20680043,838, 20.6800, 0,0xb0,     , 64, 53
  3,  0,20690025,839, 20.6900, 0,0xb0,     , 64, 56
  3,  0,20700027,840, 20.7000, 0,0xb0,     , 64, 59
  3,  0,20710027,841, 20.7100, 0,0xb0,     , 64, 62
  3,  0,20710986,842, 20.7110, 0,0xb0,     , 67,  5
  3,  0,20720027,843, 20.7200, 0,0xb0,     , 64, 66
  3,  0,20730026,844, 20.7300, 0,0xb0,     , 64, 70
  3,  0,20730989,845, 20.7310, 0,0xb0,     , 67,  4
  3,  0,20740152,846, 20.7402, 0,0xb0,     , 64, 75
  3,  0,20750030,847, 20.7500, 0,0xb0,     , 64, 80
  3,  0,20752989,848, 20.7530, 0,0x80,     , 60,  0
  3,  0,20760092,849, 20.7601, 0,0xb0,     , 64, 85
  3,  0,20770122,850, 20.7701, 0,0xb0,     , 64, 90
  3,  0,20771079,851, 20.7711, 0,0xb0,     , 67,  3
  3,  0,20779996,852, 20.7800, 0,0xb0,     , 64, 95
  3,  0,20780992,853, 20.7810, 0,0xb0,     , 67,  2
  3,  0,20790030,854, 20.7900, 0,0xb0,     , 64, 99
  3,  0,20790991,855, 20.7910, 0,0xb0,     , 67,  0
  3,  0,20800000,856, 20.8000, 0,0xb0,     , 64,104
  3,  0,20810031,857, 20.8100, 0,0xb0,     , 64,108
  3,  0,20819993,858, 20.8200, 0,0xb0,     , 64,111
  3,  0,20830123,859, 20.8301, 0,0xb0,     , 64,113
  3,  0,20840079,860, 20.8401, 0,0xb0,     , 64,116
  3,  0,20846082,861, 20.8461, 0,0x80,     , 46,  0
  3,  0,20850031,862, 20.8500, 0,0xb0,     , 64,117
  3,  0,20854032,863, 20.8540, 0,0x80,     , 40,  0
  3,  0,20860082,864, 20.8601, 0,0xb0,     , 64,118
  3,  0,20870124,865, 20.8701, 0,0xb0,     , 64,119
  3,  0,20919087,866, 20.9191, 0,0x80,     , 73,  0
  3,  0,20920053,867, 20.9201, 0,0xb0,     , 64,120
  3,  0,20954086,868, 20.9541, 0,0x80,     , 32,  0
  3,  0,20960316,869, 20.9603, 0,0xb0,     , 64,121
  3,  0,21090095,870, 21.0901, 0,0xb0,     , 64,120
  3,  0,21110095,871, 21.1101, 0,0xb0,     , 64,118
  3,  0,21120092,872, 21.1201, 0,0xb0,     , 64,115
  3,  0,21130092,873, 21.1301, 0,0xb0,     , 64,112
  3,  0,21140064,874, 21.1401, 0,0xb0,     , 64,106
  3,  0,21150099,875, 21.1501, 0,0xb0,     , 64, 99
  3,  0,21160093,876, 21.1601, 0,0xb0,     , 64, 92
  3,  0,21170177,877, 21.1702, 0,0xb0,     , 64, 84
  3,  0,21180094,878, 21.1801, 0,0xb0,     , 64, 76
  3,  0,21190158,879, 21.1902, 0,0xb0,     , 64, 68
  3,  0,21200096,880, 21.2001, 0,0xb0,     , 64, 61
  3,  0,21210094,881, 21.2101, 0,0xb0,     , 64, 55
  3,  0,21220062,882, 21.2201, 0,0xb0,     , 64, 50
  3,  0,21230098,883, 21.2301, 0,0xb0,     , 64, 46
  3,  0,21241096,884, 21.2411, 0,0xb0,     , 64, 44
  3,  0,21250069,885, 21.2501, 0,0xb0,     , 64, 41
  3,  0,21260092,886, 21.2601, 0,0xb0,     , 64, 40
  3,  0,21270098,887, 21.2701, 0,0xb0,     , 64, 38
  3,  0,21280091,888, 21.2801, 0,0xb0,     , 64, 36
  3,  0,21290099,889, 21.2901, 0,0xb0,     , 64, 33
  3,  0,21300101,890, 21.3001, 0,0xb0,     , 64, 30
  3,  0,21310098,891, 21.3101, 0,0xb0,     , 64, 27
  3,  0,21320099,892, 21.3201, 0,0xb0,     , 64, 24
  3,  0,21330099,893, 21.3301, 0,0xb0,     , 64, 21
  3,  0,21340144,894, 21.3401, 0,0xb0,     , 64, 19
  3,  0,21350069,895, 21.3501, 0,0xb0,     , 64, 18
  3,  0,21360102,896, 21.3601, 0,0xb0,     , 64, 17
  3,  0,21410104,897, 21.4101, 0,0xb0,     , 64, 16
  3,  0,21420104,898, 21.4201, 0,0xb0,     , 64, 17
  3,  0,21430105,899, 21.4301, 0,0xb0,     , 64, 16
  3,  0,21440105,900, 21.4401, 0,0xb0,     , 64, 17
  3,  0,21470107,901, 21.4701, 0,0xb0,     , 64, 16
  3,  0,21490112,902, 21.4901, 0,0xb0,     , 64, 15
  3,  0,21500117,903, 21.5001, 0,0xb0,     , 64, 14
  3,  0,21510158,904, 21.5102, 0,0xb0,     , 64, 12
  3,  0,21520108,905, 21.5201, 0,0xb0,     , 64,  9
  3,  0,21530108,906, 21.5301, 0,0xb0,     , 64,  7
  3,  0,21534110,907, 21.5341, 0,0x90,   A6, 93, 81
  3,  0,21540109,908, 21.5401, 0,0xb0,     , 64,  5
  3,  0,21550112,909, 21.5501, 0,0xb0,     , 64,  3
  3,  0,21560109,910, 21.5601, 0,0xb0,     , 64,  0
  3,  0,21609160,911, 21.6092, 0,0x80,     , 93,  0
  3,  0,21621111,912, 21.6211, 0,0x90,   A6, 93,105
  3,  0,21634111,913, 21.6341, 0,0x90,   F1, 29, 88
  3,  0,21820126,914, 21.8201, 0,0xb0,     , 64,  3
  3,  0,21830118,915, 21.8301, 0,0xb0,     , 64,  7
  3,  0,21840163,916, 21.8402, 0,0xb0,     , 64, 14
  3,  0,21850118,917, 21.8501, 0,0xb0,     , 64, 22
  3,  0,21860166,918, 21.8602, 0,0xb0,     , 64, 31
  3,  0,21870165,919, 21.8702, 0,0xb0,     , 64, 40
  3,  0,21880120,920, 21.8801, 0,0xb0,     , 64, 47
  3,  0,21890112,921, 21.8901, 0,0xb0,     , 64, 53
  3,  0,21900125,922, 21.9001, 0,0xb0,     , 64, 59
  3,  0,21910124,923, 21.9101, 0,0xb0,     , 64, 66
  3,  0,21920124,924, 21.9201, 0,0xb0,     , 64, 73
  3,  0,21930126,925, 21.9301, 0,0xb0,     , 64, 81
  3,  0,21940167,926, 21.9402, 0,0xb0,     , 64, 90
  3,  0,21950127,927, 21.9501, 0,0xb0,     , 64,100
  3,  0,21960126,928, 21.9601, 0,0xb0,     , 64,109
  3,  0,21970128,929, 21.9701, 0,0xb0,     , 64,117
  3,  0,21980128,930, 21.9801, 0,0xb0,     , 64,122
  3,  0,21990127,931, 21.9901, 0,0xb0,     , 64,124
  3,  0,22000128,932, 22.0001, 0,0xb0,     , 64,127
  3,  0,22038129,933, 22.0381, 0,0x80,     , 93,  0
  3,  0,22071130,934, 22.0711, 0,0x80,     , 29,  0
  3,  0,22198182,935, 22.1982, 0,0x90,   F1, 29, 85
  3,  0,22446187,936, 22.4462, 0,0x80,     , 29,  0
  3,  0,22551199,937, 22.5512, 0,0x90,   F1, 29, 91
  3,  0,22618199,938, 22.6182, 0,0x90,  D#3, 51,117
  3,  0,22678202,939, 22.6782, 0,0x80,     , 29,  0
  3,  0,22692195,940, 22.6922, 0,0x80,     , 51,  0
  3,  0,23043223,941, 23.0432, 0,0x90,  D#3, 51, 60
  3,  0,23123223,942, 23.1232, 0,0x80,     , 51,  0
  3,  0,23399237,943, 23.3992, 0,0xb0,     , 64,123
  3,  0,23409233,944, 23.4092, 0,0xb0,     , 64,117
  3,  0,23419227,945, 23.4192, 0,0xb0,     , 64,106
  3,  0,23429234,946, 23.4292, 0,0xb0,     , 64, 90
  3,  0,23439231,947, 23.4392, 0,0xb0,     , 64, 70
  3,  0,23442231,948, 23.4422, 0,0x90,  C#6, 85,120
  3,  0,23449190,949, 23.4492, 0,0xb0,     , 64, 47
  3,  0,23459232,950, 23.4592, 0,0xb0,     , 64, 29
  3,  0,23469189,951, 23.4692, 0,0xb0,     , 64, 14
  3,  0,23470181,952, 23.4702, 0,0x90,  G#3, 56, 49
  3,  0,23479233,953, 23.4792, 0,0xb0,     , 64,  4
  3,  0,23480234,954, 23.4802, 0,0x90,  D#3, 51, 36
  3,  0,23489194,955, 23.4892, 0,0xb0,     , 64,  0
  3,  0,23526234,956, 23.5262, 0,0x80,     , 56,  0
  3,  0,23544233,957, 23.5442, 0,0x80,     , 51,  0
  3,  0,23559243,958, 23.5592, 0,0xb0,     , 64,  2
  3,  0,23569194,959, 23.5692, 0,0xb0,     , 64,  7
  3,  0,23579239,960, 23.5792, 0,0xb0,     , 64, 14
  3,  0,23580197,961, 23.5802, 0,0x90,  C#4, 61, 36
  3,  0,23589199,962, 23.5892, 0,0xb0,     , 64, 23
  3,  0,23599239,963, 23.5992, 0,0xb0,     , 64, 34
  3,  0,23609246,964, 23.6092, 0,0xb0,     , 64, 44
  3,  0,23611542,965, 23.6115, 0,0x90,  G#3, 56, 45
  3,  0,23619197,966, 23.6192, 0,0xb0,     , 64, 55
  3,  0,23629240,967, 23.6292, 0,0xb0,     , 64, 65
  3,  0,23635244,968, 23.6352, 0,0x90,  D#3, 51, 10
  3,  0,23639197,969, 23.6392, 0,0xb0,     , 64, 76
  3,  0,23649200,970, 23.6492, 0,0xb0,     , 64, 89
  3,  0,23659244,971, 23.6592, 0,0xb0,     , 64,101
  3,  0,23669199,972, 23.6692, 0,0xb0,     , 64,112
  3,  0,23670192,973, 23.6702, 0,0x80,     , 56,  0
  3,  0,23672442,974, 23.6724, 0,0x80,     , 61,  0
  3,  0,23679201,975, 23.6792, 0,0xb0,     , 64,119
  3,  0,23689247,976, 23.6892, 0,0xb0,     , 64,123
  3,  0,23699242,977, 23.6992, 0,0xb0,     , 64,127
  3,  0,23715253,978, 23.7153, 0,0x80,     , 51,  0
  3,  0,23729246,979, 23.7292, 0,0xb0,     , 64,125
  3,  0,23739248,980, 23.7392, 0,0xb0,     , 64,127
  3,  0,23839258,981, 23.8393, 0,0xb0,     , 64,122
  3,  0,23849251,982, 23.8493, 0,0xb0,     , 64,117
  3,  0,23859271,983, 23.8593, 0,0xb0,     , 64,108
  3,  0,23870220,984, 23.8702, 0,0xb0,     , 64, 96
  3,  0,23879249,985, 23.8792, 0,0xb0,     , 64, 81
  3,  0,23889294,986, 23.8893, 0,0xb0,     , 64, 66
  3,  0,23899250,987, 23.8992, 0,0xb0,     , 64, 52
  3,  0,23909304,988, 23.9093, 0,0xb0,     , 64, 41
  3,  0,23917251,989, 23.9173, 0,0x90,  C#4, 61, 42
  3,  0,23919208,990, 23.9192, 0,0xb0,     , 64, 33
  3,  0,23929254,991, 23.9293, 0,0xb0,     , 64, 29
  3,  0,23940297,992, 23.9403, 0,0x90,  D#3, 51, 24
  3,  0,23949383,993, 23.9494, 0,0xb0,     , 64, 32
  3,  0,23951176,994, 23.9512, 0,0x90,  G#3, 56, 21
  3,  0,23959286,995, 23.9593, 0,0xb0,     , 64, 36
  3,  0,23969256,996, 23.9693, 0,0xb0,     , 64, 42
  3,  0,23979210,997, 23.9792, 0,0xb0,     , 64, 48
  3,  0,23989214,998, 23.9892, 0,0xb0,     , 64, 54
  3,  0,23992248,999, 23.9922, 0,0x80,     , 61,  0
  3,  0,23999162,1000, 23.9992, 0,0xb0,     , 64, 60
  3,  0,24009211,1001, 24.0092, 0,0xb0,     , 64, 66
  3,  0,24019168,1002, 24.0192, 0,0xb0,     , 64, 74
  3,  0,24029207,1003, 24.0292, 0,0xb0,     , 64, 82
  3,  0,24039239,1004, 24.0392, 0,0x80,     , 56,  0
  3,  0,24040134,1005, 24.0401, 0,0xb0,     , 64, 90
  3,  0,24049219,1006, 24.0492, 0,0xb0,     , 64, 99
  3,  0,24059167,1007, 24.0592, 0,0xb0,     , 64,107
  3,  0,24069214,1008, 24.0692, 0,0xb0,     , 64,114
  3,  0,24073131,1009, 24.0731, 0,0x80,     , 51,  0
  3,  0,24079166,1010, 24.0792, 0,0xb0,     , 64,120
  3,  0,24089222,1011, 24.0892, 0,0xb0,     , 64,123
  3,  0,24099216,1012, 24.0992, 0,0xb0,     , 64,124
  3,  0,24109215,1013, 24.1092, 0,0xb0,     , 64,127
  3,  0,24329193,1014, 24.3292, 0,0x90,  G#1, 32, 48
  3,  0,24499335,1015, 24.4993, 0,0x80,     , 32,  0
  3,  0,24619395,1016, 24.6194, 0,0x80,     , 85,  0
  3,  0,24644289,1017, 24.6443, 0,0x90,  G#1, 32, 72
  3,  0,24652275,1018, 24.6523, 0,0x90,  A#5, 82, 71
  3,  0,24816333,1019, 24.8163, 0,0x90,  F#2, 42,113
  3,  0,24820289,1020, 24.8203, 0,0x90,  C#6, 85, 90
  3,  0,24866329,1021, 24.8663, 0,0x80,     , 82,  0
  3,  0,24904286,1022, 24.9043, 0,0x80,     , 85,  0
  3,  0,24916330,1023, 24.9163, 0,0x80,     , 32,  0
  3,  0,24932292,1024, 24.9323, 0,0x80,     , 42,  0
  3,  0,25209347,1025, 25.2093, 0,0xb0,     , 64,124
  3,  0,25219343,1026, 25.2193, 0,0xb0,     , 64,120
  3,  0,25229305,1027, 25.2293, 0,0xb0,     , 64,111
  3,  0,25239305,1028, 25.2393, 0,0xb0,     , 64, 99
  3,  0,25249306,1029, 25.2493, 0,0xb0,     , 64, 83
  3,  0,25259305,1030, 25.2593, 0,0xb0,     , 64, 62
  3,  0,25269354,1031, 25.2694, 0,0xb0,     , 64, 41
  3,  0,25277339,1032, 25.2773, 0,0x90,   A6, 93, 28
  3,  0,25279306,1033, 25.2793, 0,0xb0,     , 64, 23
  3,  0,25289309,1034, 25.2893, 0,0xb0,     , 64, 11
  3,  0,25299309,1035, 25.2993, 0,0xb0,     , 64,  0
  3,  0,25305308,1036, 25.3053, 0,0x90,  D#4, 63, 40
  3,  0,25333319,1037, 25.3333, 0,0x90,   E7,100, 60
  3,  0,25367351,1038, 25.3674, 0,0x80,     , 63,  0
  3,  0,25409399,1039, 25.4094, 0,0xb0,     , 64,  2
  3,  0,25419362,1040, 25.4194, 0,0xb0,     , 64,  7
  3,  0,25429388,1041, 25.4294, 0,0xb0,     , 64, 15
  3,  0,25439352,1042, 25.4394, 0,0xb0,     , 64, 24
  3,  0,25448364,1043, 25.4484, 0,0x80,     ,100,  0
  3,  0,25449353,1044, 25.4494, 0,0xb0,     , 64, 34
  3,  0,25450314,1045, 25.4503, 0,0x90,   F3, 53, 39
  3,  0,25459317,1046, 25.4593, 0,0xb0,     , 64, 44
  3,  0,25469353,1047, 25.4694, 0,0xb0,     , 64, 53
  3,  0,25476364,1048, 25.4764, 0,0x80,     , 93,  0
  3,  0,25479315,1049, 25.4793, 0,0xb0,     , 64, 61
  3,  0,25481563,1050, 25.4816, 0,0x80,     , 96,  0
  3,  0,25489315,1051, 25.4893, 0,0xb0,     , 64, 70
  3,  0,25499316,1052, 25.4993, 0,0xb0,     , 64, 79
  3,  0,25509367,1053, 25.5094, 0,0xb0,     , 64, 90
  3,  0,25519317,1054, 25.5193, 0,0xb0,     , 64,101
  3,  0,25529321,1055, 25.5293, 0,0xb0,     , 64,111
  3,  0,25539317,1056, 25.5393, 0,0xb0,     , 64,118
  3,  0,25540277,1057, 25.5403, 0,0x80,     , 53,  0
  3,  0,25549316,1058, 25.5493, 0,0xb0,     , 64,123
  3,  0,25559318,1059, 25.5593, 0,0xb0,     , 64,127
  3,  0,25587392,1060, 25.5874, 0,0x90,   G5, 79, 14
  3,  0,25604316,1061, 25.6043, 0,0x90,  D#4, 63, 25
  3,  0,25654347,1062, 25.6543, 0,0x80,     , 79,  0
  3,  0,25663323,1063, 25.6633, 0,0x80,     , 63,  0
  3,  0,25681331,1064, 25.6813, 0,0x90,   F3, 53, 37
  3,  0,25682324,1065, 25.6823, 0,0x90,  C#5, 73, 48
  3,  0,25735424,1066, 25.7354, 0,0x90,  G#4, 68, 68
  3,  0,25737334,1067, 25.7373, 0,0x80,     , 73,  0
  3,  0,25746333,1068, 25.7463, 0,0x80,     , 53,  0
  3,  0,25755374,1069, 25.7554, 0,0x90,  D#4, 63, 56
  3,  0,25776334,1070, 25.7763, 0,0x80,     , 68,  0
  3,  0,25807335,1071, 25.8073, 0,0x90,  C#5, 73, 77
  3,  0,25813328,1072, 25.8133, 0,0x80,     , 63,  0
  3,  0,25840339,1073, 25.8403, 0,0x90,   F3, 53, 38
  3,  0,25864334,1074, 25.8643, 0,0x80,     , 73,  0
  3,  0,25910335,1075, 25.9103, 0,0x90,  F#3, 54, 64
  3,  0,25925357,1076, 25.9254, 0,0x80,     , 53,  0
  3,  0,26003345,1077, 26.0033, 0,0x80,     , 54,  0
  3,  0,26192385,1078, 26.1924, 0,0x90,   E6, 88,111
  3,  0,26210346,1079, 26.2103, 0,0x90,  C#6, 85, 66
  3,  0,26212348,1080, 26.2123, 0,0x90,   C6, 84, 67
  3,  0,26213344,1081, 26.2133, 0,0x90,  D#6, 87, 63
  3,  0,26245355,1082, 26.2454, 0,0x80,     , 84,  0
  3,  0,26292359,1083, 26.2924, 0,0x90,   C3, 48, 33
  3,  0,26310567,1084, 26.3106, 0,0x90,  C#6, 85, 32
  3,  0,26365661,1085, 26.3657, 0,0x80,     , 89,  0
  3,  0,26439427,1086, 26.4394, 0,0xb0,     , 64,124
  3,  0,26449394,1087, 26.4494, 0,0xb0,     , 64,122
  3,  0,26459395,1088, 26.4594, 0,0xb0,     , 64,119
  3,  0,26470032,1089, 26.4700, 0,0xb0,     , 64,115
  3,  0,26479400,1090, 26.4794, 0,0xb0,     , 64,111
  3,  0,26489399,1091, 26.4894, 0,0xb0,     , 64,104
  3,  0,26499365,1092, 26.4994, 0,0xb0,     , 64, 96
  3,  0,26509398,1093, 26.5094, 0,0xb0,     , 64, 87
  3,  0,26519409,1094, 26.5194, 0,0xb0,     , 64, 78
  3,  0,26529451,1095, 26.5295, 0,0xb0,     , 64, 68
  3,  0,26539398,1096, 26.5394, 0,0xb0,     , 64, 59
  3,  0,26549404,1097, 26.5494, 0,0xb0,     , 64, 50
  3,  0,26559398,1098, 26.5594, 0,0xb0,     , 64, 41
  3,  0,26569400,1099, 26.5694, 0,0xb0,     , 64, 32
  3,  0,26579400,1100, 26.5794, 0,0xb0,     , 64, 22
  3,  0,26589419,1101, 26.5894, 0,0xb0,     , 64, 14
  3,  0,26600401,1102, 26.6004, 0,0xb0,     , 64,  7
  3,  0,26609401,1103, 26.6094, 0,0xb0,     , 64,  2
  3,  0,26619400,1104, 26.6194, 0,0xb0,     , 64,  0
  3,  0,26709422,1105, 26.7094, 0,0xb0,     , 64,  4
  3,  0,26719406,1106, 26.7194, 0,0xb0,     , 64,  7
  3,  0,26729674,1107, 26.7297, 0,0xb0,     , 64, 12
  3,  0,26739419,1108, 26.7394, 0,0xb0,     , 64, 19
  3,  0,26749421,1109, 26.7494, 0,0xb0,     , 64, 27
  3,  0,26759407,1110, 26.7594, 0,0xb0,     , 64, 34
  3,  0,26769406,1111, 26.7694, 0,0xb0,     , 64, 41
  3,  0,26779730,1112, 26.7797, 0,0xb0,     , 64, 46
  3,  0,26789407,1113, 26.7894, 0,0xb0,     , 64, 50
  3,  0,26799423,1114, 26.7994, 0,0xb0,     , 64, 53
  3,  0,26809372,1115, 26.8094, 0,0xb0,     , 64, 57
  3,  0,26819410,1116, 26.8194, 0,0xb0,     , 64, 61
  3,  0,26829609,1117, 26.8296, 0,0xb0,     , 64, 65
  3,  0,26839458,1118, 26.8395, 0,0xb0,     , 64, 70
  3,  0,26849428,1119, 26.8494, 0,0xb0,     , 64, 75
  3,  0,26859421,1120, 26.8594, 0,0xb0,     , 64, 81
  3,  0,26869417,1121, 26.8694, 0,0xb0,     , 64, 88
  3,  0,26879601,1122, 26.8796, 0,0xb0,     , 64, 95
  3,  0,26889463,1123, 26.8895, 0,0xb0,     , 64,102
  3,  0,26899417,1124, 26.8994, 0,0xb0,     , 64,110
  3,  0,26909459,1125, 26.9095, 0,0xb0,     , 64,116
  3,  0,26919420,1126, 26.9194, 0,0xb0,     , 64,121
  3,  0,26929561,1127, 26.9296, 0,0xb0,     , 64,123
  3,  0,26939428,1128, 26.9394, 0,0xb0,     , 64,124
  3,  0,26979440,1129, 26.9794, 0,0xb0,     , 64,125
  3,  0,26989464,1130, 26.9895, 0,0xb0,     , 64,127
  3,  0,27193304,1131, 27.1933, 0,0x80,     , 85,  0
  3,  0,27194263,1132, 27.1943, 0,0x80,     , 85,  0
  3,  0,27203296,1133, 27.2033, 0,0x80,     , 88,  0
  3,  0,27228312,1134, 27.2283, 0,0x80,     , 87,  0
  3,  0,27311309,1135, 27.3113, 0,0x90,  F#3, 54, 46
  3,  0,27482407,1136, 27.4824, 0,0x80,     , 48,  0
  3,  0,27490356,1137, 27.4904, 0,0x80,     , 54,  0
  3,  0,27634425,1138, 27.6344, 0,0x90,  C#7, 97, 68
  3,  0,27726430,1139, 27.7264, 0,0x90,   C8,108, 77
  3,  0,27731365,1140, 27.7314, 0,0x80,     , 97,  0
  3,  0,27804422,1141, 27.8044, 0,0x80,     ,108,  0
  3,  0,27814369,1142, 27.8144, 0,0x90,  C#7, 97, 75
  3,  0,27860378,1143, 27.8604, 0,0x90,   C8,108, 79
  3,  0,27874459,1144, 27.8745, 0,0x80,     , 97,  0
  3,  0,27934549,1145, 27.9345, 0,0x90,  C#7, 97, 90
  3,  0,27945762,1146, 27.9458, 0,0x80,     ,103,  0
  3,  0,27956368,1147, 27.9564, 0,0x80,     ,108,  0
  3,  0,28078512,1148, 28.0785, 0,0x90,   E6, 88, 73
  3,  0,28228516,1149, 28.2285, 0,0x90,  A#7,106, 58
  3,  0,28230466,1150, 28.2305, 0,0x80,     , 88,  0
  3,  0,28275520,1151, 28.2755, 0,0x90,   E5, 76, 54
  3,  0,28309475,1152, 28.3095, 0,0x80,     , 97,  0
  3,  0,28330521,1153, 28.3305, 0,0x80,     , 76,  0
  3,  0,28360478,1154, 28.3605, 0,0x80,     ,106,  0
  3,  0,28370486,1155, 28.3705, 0,0x90,   C7, 96, 54
  3,  0,28468531,1156, 28.4685, 0,0x90,   E5, 76, 46
  3,  0,28552535,1157, 28.5525, 0,0x80,     , 76,  0
  3,  0,28569572,1158, 28.5696, 0,0xb0,     , 67,  3
  3,  0,28579529,1159, 28.5795, 0,0xb0,     , 67,  5
  3,  0,28587494,1160, 28.5875, 0,0x90,  A#6, 94, 50
  3,  0,28589562,1161, 28.5896, 0,0xb0,     , 67,  7
  3,  0,28599527,1162, 28.5995, 0,0xb0,     , 67,  9
  3,  0,28609563,1163, 28.6096, 0,0xb0,     , 67, 11
  3,  0,28619523,1164, 28.6195, 0,0xb0,     , 67, 13
  3,  0,28629532,1165, 28.6295, 0,0xb0,     , 67, 15
  3,  0,28639485,1166, 28.6395, 0,0xb0,     , 67, 19
  3,  0,28649500,1167, 28.6495, 0,0xb0,     , 67, 23
  3,  0,28650483,1168, 28.6505, 0,0x80,     , 94,  0
  3,  0,28659484,1169, 28.6595, 0,0xb0,     , 67, 27
  3,  0,28663498,1170, 28.6635, 0,0x90,  G#4, 68, 43
  3,  0,28669485,1171, 28.6695, 0,0xb0,     , 67, 32
  3,  0,28679551,1172, 28.6796, 0,0xb0,     , 67, 38
  3,  0,28689493,1173, 28.6895, 0,0xb0,     , 67, 45
  3,  0,28699525,1174, 28.6995, 0,0xb0,     , 67, 53
  3,  0,28709534,1175, 28.7095, 0,0xb0,     , 67, 62
  3,  0,28717501,1176, 28.7175, 0,0x80,     , 68,  0
  3,  0,28719485,1177, 28.7195, 0,0xb0,     , 67, 75
  3,  0,28729535,1178, 28.7295, 0,0xb0,     , 67, 89
  3,  0,28739498,1179, 28.7395, 0,0xb0,     , 67,102
  3,  0,28749504,1180, 28.7495, 0,0xb0,     , 67,113
  3,  0,28751489,1181, 28.7515, 0,0x90,   E5, 76, 46
  3,  0,28759504,1182, 28.7595, 0,0xb0,     , 67,121
  3,  0,28769489,1183, 28.7695, 0,0xb0,     , 67,127
  3,  0,28801538,1184, 28.8015, 0,0x80,     , 76,  0
  3,  0,28862497,1185, 28.8625, 0,0x90,  A#6, 94, 28
  3,  0,28938547,1186, 28.9385, 0,0x90,   E4, 64, 31
  3,  0,29199560,1187, 29.1996, 0,0xb0,     , 64,125
  3,  0,29209547,1188, 29.2095, 0,0xb0,     , 64,124
  3,  0,29219556,1189, 29.2196, 0,0xb0,     , 64,122
  3,  0,29239565,1190, 29.2396, 0,0xb0,     , 64,121
  3,  0,29249557,1191, 29.2496, 0,0xb0,     , 64,120
  3,  0,29259511,1192, 29.2595, 0,0xb0,     , 64,119
  3,  0,29269559,1193, 29.2696, 0,0xb0,     , 64,117
  3,  0,29279558,1194, 29.2796, 0,0xb0,     , 64,115
  3,  0,29289526,1195, 29.2895, 0,0xb0,     , 64,112
  3,  0,29299559,1196, 29.2996, 0,0xb0,     , 64,108
  3,  0,29309567,1197, 29.3096, 0,0xb0,     , 64,105
  3,  0,29310559,1198, 29.3106, 0,0x90,   B4, 71, 15
  3,  0,29319568,1199, 29.3196, 0,0xb0,     , 64,100
  3,  0,29326558,1200, 29.3266, 0,0x90,  G#3, 56, 10
  3,  0,29329513,1201, 29.3295, 0,0xb0,     , 64, 95
  3,  0,29339567,1202, 29.3396, 0,0xb0,     , 64, 90
  3,  0,29349561,1203, 29.3496, 0,0xb0,     , 64, 84
  3,  0,29359561,1204, 29.3596, 0,0xb0,     , 64, 77
  3,  0,29369561,1205, 29.3696, 0,0xb0,     , 64, 71
  3,  0,29379562,1206, 29.3796, 0,0xb0,     , 64, 64
  3,  0,29389529,1207, 29.3895, 0,0xb0,     , 64, 58
  3,  0,29399566,1208, 29.3996, 0,0xb0,     , 64, 52
  3,  0,29409562,1209, 29.4096, 0,0xb0,     , 64, 48
  3,  0,29419564,1210, 29.4196, 0,0xb0,     , 64, 45
  3,  0,29430517,1211, 29.4305, 0,0xb0,     , 64, 44
  3,  0,29439566,1212, 29.4396, 0,0xb0,     , 64, 43
  3,  0,29449530,1213, 29.4495, 0,0xb0,     , 64, 42
  3,  0,29509568,1214, 29.5096, 0,0xb0,     , 64, 43
  3,  0,29529612,1215, 29.5296, 0,0xb0,     , 64, 44
  3,  0,29539569,1216, 29.5396, 0,0xb0,     , 64, 45
  3,  0,29549883,1217, 29.5499, 0,0xb0,     , 64, 47
  3,  0,29559613,1218, 29.5596, 0,0xb0,     , 64, 48
  3,  0,29569570,1219, 29.5696, 0,0xb0,     , 64, 51
  3,  0,29579614,1220, 29.5796, 0,0xb0,     , 64, 53
  3,  0,29589571,1221, 29.5896, 0,0xb0,     , 64, 56
  3,  0,29599973,1222, 29.6000, 0,0xb0,     , 64, 59
  3,  0,29609580,1223, 29.6096, 0,0xb0,     , 64, 63
  3,  0,29619616,1224, 29.6196, 0,0xb0,     , 64, 68
  3,  0,29629571,1225, 29.6296, 0,0xb0,     , 64, 73
  3,  0,29639536,1226, 29.6395, 0,0xb0,     , 64, 78
  3,  0,29649579,1227, 29.6496, 0,0xb0,     , 64, 83
  3,  0,29659573,1228, 29.6596, 0,0xb0,     , 64, 88
  3,  0,29669539,1229, 29.6695, 0,0xb0,     , 64, 94
  3,  0,29679563,1230, 29.6796, 0,0xb0,     , 64, 99
  3,  0,29689583,1231, 29.6896, 0,0xb0,     , 64,103
  3,  0,29699837,1232, 29.6998, 0,0xb0,     , 64,107
  3,  0,29709582,1233, 29.7096, 0,0xb0,     , 64,111
  3,  0,29719589,1234, 29.7196, 0,0xb0,     , 64,114
  3,  0,29729577,1235, 29.7296, 0,0xb0,     , 64,117
  3,  0,29736530,1236, 29.7365, 0,0x80,     , 56,  0
  3,  0,29739529,1237, 29.7395, 0,0xb0,     , 64,119
  3,  0,29749577,1238, 29.7496, 0,0xb0,     , 64,120
  3,  0,29759584,1239, 29.7596, 0,0xb0,     , 64,121
  3,  0,29799777,1240, 29.7998, 0,0xb0,     , 64,122
  3,  0,29829586,1241, 29.8296, 0,0xb0,     , 64,123
  3,  0,29837351,1242, 29.8374, 0,0x80,     , 64,  0
  3,  0,29840629,1243, 29.8406, 0,0x80,     , 71,  0
  3,  0,29850031,1244, 29.8500, 0,0xb0,     , 64,124
  3,  0,29869585,1245, 29.8696, 0,0xb0,     , 64,125
  3,  0,29879582,1246, 29.8796, 0,0xb0,     , 64,127
  3,  0,29890538,1247, 29.8905, 0,0x80,     , 94,  0
  3,  0,30357484,1248, 30.3575, 0,0x80,     , 96,  0
  3,  0,30427480,1249, 30.4275, 0,0x90,  C#6, 85, 29
  3,  0,30520525,1250, 30.5205, 0,0x80,     , 85,  0
  3,  0,30619658,1251, 30.6197, 0,0x90,   C7, 96, 21
  3,  0,30665664,1252, 30.6657, 0,0x90,   E5, 76, 31
  3,  0,30754627,1253, 30.7546, 0,0x80,     , 76,  0
  3,  0,30784619,1254, 30.7846, 0,0x90,  A#7,106, 34
  3,  0,30918634,1255, 30.9186, 0,0x90,   E5, 76, 33
  3,  0,31084555,1256, 31.0846, 0,0x80,     , 76,  0
  3,  0,31101618,1257, 31.1016, 0,0x80,     ,106,  0
  3,  0,31216611,1258, 31.2166, 0,0x90,  G#4, 68, 20
  3,  0,31240556,1259, 31.2406, 0,0x80,     , 96,  0
  3,  0,31398660,1260, 31.3987, 0,0x80,     , 68,  0
  3,  0,31589776,1261, 31.5898, 0,0xb0,     , 67,124
  3,  0,31599662,1262, 31.5997, 0,0xb0,     , 67,120
  3,  0,31609698,1263, 31.6097, 0,0xb0,     , 67,113
  3,  0,31619696,1264, 31.6197, 0,0xb0,     , 67,105
  3,  0,31629874,1265, 31.6299, 0,0xb0,     , 67, 96
  3,  0,31639697,1266, 31.6397, 0,0xb0,     , 67, 87
  3,  0,31649661,1267, 31.6497, 0,0xb0,     , 67, 79
  3,  0,31659657,1268, 31.6597, 0,0xb0,     , 67, 70
  3,  0,31669706,1269, 31.6697, 0,0xb0,     , 67, 63
  3,  0,31680029,1270, 31.6800, 0,0xb0,     , 67, 56
  3,  0,31689702,1271, 31.6897, 0,0xb0,     , 67, 50
  3,  0,31699701,1272, 31.6997, 0,0xb0,     , 67, 44
  3,  0,31709702,1273, 31.7097, 0,0xb0,     , 67, 39
  3,  0,31719705,1274, 31.7197, 0,0xb0,     , 67, 36
  3,  0,31729760,1275, 31.7298, 0,0xb0,     , 67, 34
  3,  0,31739653,1276, 31.7397, 0,0xb0,     , 67, 31
  3,  0,31759885,1277, 31.7599, 0,0xb0,     , 67, 29
  3,  0,31769731,1278, 31.7697, 0,0xb0,     , 67, 28
  3,  0,31779767,1279, 31.7798, 0,0xb0,     , 67, 26
  3,  0,31789735,1280, 31.7897, 0,0xb0,     , 67, 23
  3,  0,31799706,1281, 31.7997, 0,0xb0,     , 67, 22
  3,  0,31809769,1282, 31.8098, 0,0xb0,     , 67, 21
  3,  0,31814882,1283, 31.8149, 0,0x80,     , 56,  0
  3,  0,31816695,1284, 31.8167, 0,0x90,  C#2, 37, 23
  3,  0,31880028,1285, 31.8800, 0,0xb0,     , 67, 20
  3,  0,31900232,1286, 31.9002, 0,0xb0,     , 67, 18
  3,  0,31901669,1287, 31.9017, 0,0x90,   A3, 57, 36
  3,  0,31917666,1288, 31.9177, 0,0x80,     , 37,  0
  3,  0,31919767,1289, 31.9198, 0,0xb0,     , 67, 17
  3,  0,31929702,1290, 31.9297, 0,0xb0,     , 67, 16
  3,  0,31939801,1291, 31.9398, 0,0xb0,     , 67, 15
  3,  0,31959734,1292, 31.9597, 0,0xb0,     , 67, 14
  3,  0,31969744,1293, 31.9697, 0,0xb0,     , 67, 13
  3,  0,31980048,1294, 31.9800, 0,0xb0,     , 67, 12
  3,  0,31991676,1295, 31.9917, 0,0x80,     , 57,  0
  3,  0,31999771,1296, 31.9998, 0,0xb0,     , 67, 11
  3,  0,32009748,1297, 32.0097, 0,0xb0,     , 67, 10
  3,  0,32021737,1298, 32.0217, 0,0x90,   D3, 50, 16
  3,  0,32077695,1299, 32.0777, 0,0x90,  C#2, 37, 25
  3,  0,32094678,1300, 32.0947, 0,0x80,     , 50,  0
  3,  0,32206687,1301, 32.2067, 0,0x90,   A3, 57, 54
  3,  0,32262684,1302, 32.2627, 0,0x80,     , 57,  0
  3,  0,32296685,1303, 32.2967, 0,0x90,   D3, 50, 30
  3,  0,32359763,1304, 32.3598, 0,0x90,   A3, 57, 47
  3,  0,32362685,1305, 32.3627, 0,0x80,     , 50,  0
  3,  0,32433729,1306, 32.4337, 0,0x90,   D3, 50, 40
  3,  0,32437678,1307, 32.4377, 0,0x80,     , 57,  0
  3,  0,32499772,1308, 32.4998, 0,0xb0,     , 67,  9
  3,  0,32514696,1309, 32.5147, 0,0x80,     , 50,  0
  3,  0,32539737,1310, 32.5397, 0,0xb0,     , 67,  8
  3,  0,32599802,1311, 32.5998, 0,0xb0,     , 67,  7
  3,  0,32827750,1312, 32.8278, 0,0x80,     , 37,  0
  3,  0,32859808,1313, 32.8598, 0,0xb0,     , 67,  6
  3,  0,32889873,1314, 32.8899, 0,0xb0,     , 67,  7
  3,  0,32899782,1315, 32.8998, 0,0xb0,     , 67,  6
  3,  0,32909850,1316, 32.9098, 0,0xb0,     , 67,  7
  3,  0,32929868,1317, 32.9299, 0,0xb0,     , 67,  6
  3,  0,32939815,1318, 32.9398, 0,0xb0,     , 67,  7
  3,  0,33124769,1319, 33.1248, 0,0x90,  A#1, 34, 70
  3,  0,33189825,1320, 33.1898, 0,0xb0,     , 67,  6
  3,  0,33199791,1321, 33.1998, 0,0xb0,     , 67,  7
  3,  0,33209813,1322, 33.2098, 0,0xb0,     , 67,  6
  3,  0,33229799,1323, 33.2298, 0,0xb0,     , 67,  7
  3,  0,33242764,1324, 33.2428, 0,0x80,     , 34,  0
  3,  0,33296868,1325, 33.2969, 0,0x90,  F#4, 66, 64
  3,  0,33319803,1326, 33.3198, 0,0xb0,     , 67,  6
  3,  0,33335759,1327, 33.3358, 0,0x90,  A#1, 34, 71
  3,  0,33349829,1328, 33.3498, 0,0xb0,     , 67,  5
  3,  0,33359801,1329, 33.3598, 0,0xb0,     , 67,  4
  3,  0,33379799,1330, 33.3798, 0,0xb0,     , 67,  3
  3,  0,33389829,1331, 33.3898, 0,0xb0,     , 67,  2
  3,  0,33399798,1332, 33.3998, 0,0xb0,     , 67,  3
  3,  0,33409832,1333, 33.4098, 0,0xb0,     , 67,  4
  3,  0,33416765,1334, 33.4168, 0,0x80,     , 66,  0
  3,  0,33419830,1335, 33.4198, 0,0xb0,     , 67,  3
  3,  0,33428729,1336, 33.4287, 0,0x80,     , 34,  0
  3,  0,33429845,1337, 33.4298, 0,0xb0,     , 67,  4
  3,  0,33449802,1338, 33.4498, 0,0xb0,     , 67,  5
  3,  0,33463773,1339, 33.4638, 0,0x90,  D#5, 75, 94
  3,  0,33466723,1340, 33.4667, 0,0x90,  F#4, 66, 96
  3,  0,33467746,1341, 33.4677, 0,0x90,  A#1, 34,107
  3,  0,33468729,1342, 33.4687, 0,0x90,   C5, 72, 88
  3,  0,33469772,1343, 33.4698, 0,0xb0,     , 67,  6
  3,  0,33489796,1344, 33.4898, 0,0xb0,     , 67,  5
  3,  0,33499866,1345, 33.4999, 0,0xb0,     , 67,  4
  3,  0,33509805,1346, 33.5098, 0,0xb0,     , 67,  2
  3,  0,33519868,1347, 33.5199, 0,0xb0,     , 64,124
  3,  0,33520804,1348, 33.5208, 0,0xb0,     , 67,  0
  3,  0,33529804,1349, 33.5298, 0,0xb0,     , 64,120
  3,  0,33539832,1350, 33.5398, 0,0xb0,     , 64,114
  3,  0,33549804,1351, 33.5498, 0,0xb0,     , 64,104
  3,  0,33559869,1352, 33.5599, 0,0xb0,     , 64, 92
  3,  0,33569838,1353, 33.5698, 0,0xb0,     , 64, 77
  3,  0,33579986,1354, 33.5800, 0,0xb0,     , 64, 63
  3,  0,33589868,1355, 33.5899, 0,0xb0,     , 64, 47
  3,  0,33599807,1356, 33.5998, 0,0xb0,     , 64, 32
  3,  0,33609808,1357, 33.6098, 0,0xb0,     , 64, 20
  3,  0,33619808,1358, 33.6198, 0,0xb0,     , 64, 11
  3,  0,33629837,1359, 33.6298, 0,0xb0,     , 64,  4
  3,  0,33639810,1360, 33.6398, 0,0xb0,     , 64,  0
  3,  0,33720871,1361, 33.7209, 0,0x80,     , 34,  0
  3,  0,33759840,1362, 33.7598, 0,0xb0,     , 64,  3
  3,  0,33769814,1363, 33.7698, 0,0xb0,     , 64,  6
  3,  0,33779795,1364, 33.7798, 0,0xb0,     , 64, 10
  3,  0,33789846,1365, 33.7898, 0,0xb0,     , 64, 16
  3,  0,33799787,1366, 33.7998, 0,0xb0,     , 64, 24
  3,  0,33809846,1367, 33.8098, 0,0xb0,     , 64, 31
  3,  0,33819817,1368, 33.8198, 0,0xb0,     , 64, 38
  3,  0,33829853,1369, 33.8299, 0,0xb0,     , 64, 44
  3,  0,33839879,1370, 33.8399, 0,0xb0,     , 64, 48
  3,  0,33840789,1371, 33.8408, 0,0x80,     , 66,  0
  3,  0,33849881,1372, 33.8499, 0,0xb0,     , 64, 50
  3,  0,33859818,1373, 33.8598, 0,0xb0,     , 64, 51
  3,  0,33869850,1374, 33.8698, 0,0xb0,     , 64, 53
  3,  0,33872225,1375, 33.8722, 0,0x80,     , 72,  0
  3,  0,33899889,1376, 33.8999, 0,0xb0,     , 64, 52
  3,  0,33939853,1377, 33.9399, 0,0xb0,     , 64, 53
  3,  0,33979831,1378, 33.9798, 0,0xb0,     , 64, 54
  3,  0,33989857,1379, 33.9899, 0,0xb0,     , 64, 55
  3,  0,33999830,1380, 33.9998, 0,0xb0,     , 64, 56
  3,  0,34009993,1381, 34.0100, 0,0xb0,     , 64, 59
  3,  0,34019861,1382, 34.0199, 0,0xb0,     , 64, 61
  3,  0,34029831,1383, 34.0298, 0,0xb0,     , 64, 65
  3,  0,34039858,1384, 34.0399, 0,0xb0,     , 64, 70
  3,  0,34049832,1385, 34.0498, 0,0xb0,     , 64, 75
  3,  0,34059856,1386, 34.0599, 0,0xb0,     , 64, 82
  3,  0,34069890,1387, 34.0699, 0,0xb0,     , 64, 89
  3,  0,34080803,1388, 34.0808, 0,0xb0,     , 64, 98
  3,  0,34081798,1389, 34.0818, 0,0x90,  C#4, 61, 40
  3,  0,34089859,1390, 34.0899, 0,0xb0,     , 64,107
  3,  0,34099829,1391, 34.0998, 0,0xb0,     , 64,114
  3,  0,34109857,1392, 34.1099, 0,0xb0,     , 64,120
  3,  0,34119893,1393, 34.1199, 0,0xb0,     , 64,123
  3,  0,34120794,1394, 34.1208, 0,0x90,  A#4, 70, 50
  3,  0,34129864,1395, 34.1299, 0,0xb0,     , 64,125
  3,  0,34137793,1396, 34.1378, 0,0x80,     , 61,  0
  3,  0,34140026,1397, 34.1400, 0,0xb0,     , 64,127
  3,  0,34149835,1398, 34.1498, 0,0xb0,     , 64,125
  3,  0,34159831,1399, 34.1598, 0,0xb0,     , 64,124
  3,  0,34169848,1400, 34.1698, 0,0xb0,     , 64,127
  3,  0,34206988,1401, 34.2070, 0,0x80,     , 75,  0
  3,  0,34225683,1402, 34.2257, 0,0x90,  C#4, 61, 39
  3,  0,34241681,1403, 34.2417, 0,0x80,     , 70,  0
  3,  0,34283707,1404, 34.2837, 0,0x80,     , 61,  0
  3,  0,34327699,1405, 34.3277, 0,0x90,   A3, 57, 43
  3,  0,34351685,1406, 34.3517, 0,0x90,   E3, 52, 32
  3,  0,34385693,1407, 34.3857, 0,0x80,     , 57,  0
  3,  0,34439702,1408, 34.4397, 0,0x90,   D3, 50, 32
  3,  0,34464726,1409, 34.4647, 0,0x80,     , 52,  0
  3,  0,34533785,1410, 34.5338, 0,0x80,     , 50,  0
  3,  0,34557776,1411, 34.5578, 0,0x90,   F2, 41, 39
  3,  0,34625830,1412, 34.6258, 0,0x80,     , 41,  0
  3,  0,34630733,1413, 34.6307, 0,0x90,  G#2, 44, 32
  3,  0,34703752,1414, 34.7038, 0,0x80,     , 44,  0
  3,  0,34770737,1415, 34.7707, 0,0x90,   B1, 35, 44
  3,  0,34902832,1416, 34.9028, 0,0x80,     , 35,  0
  3,  0,35069901,1417, 35.0699, 0,0xb0,     , 67,  2
  3,  0,35079869,1418, 35.0799, 0,0xb0,     , 67,  3
  3,  0,35109840,1419, 35.1098, 0,0xb0,     , 64,124
  3,  0,35110840,1420, 35.1108, 0,0xb0,     , 67,  4
  3,  0,35119835,1421, 35.1198, 0,0xb0,     , 64,121
  3,  0,35129843,1422, 35.1298, 0,0xb0,     , 64,118
  3,  0,35141936,1423, 35.1419, 0,0xb0,     , 64,113
  3,  0,35149841,1424, 35.1498, 0,0xb0,     , 64,105
  3,  0,35150798,1425, 35.1508, 0,0xb0,     , 67,  5
  3,  0,35159841,1426, 35.1598, 0,0xb0,     , 64, 95
  3,  0,35160798,1427, 35.1608, 0,0xb0,     , 67,  4
  3,  0,35169845,1428, 35.1698, 0,0xb0,     , 64, 83
  3,  0,35170798,1429, 35.1708, 0,0xb0,     , 67,  5
  3,  0,35179937,1430, 35.1799, 0,0xb0,     , 64, 69
  3,  0,35180871,1431, 35.1809, 0,0xb0,     , 67,  4
  3,  0,35187860,1432, 35.1879, 0,0x90,   A3, 57, 48
  3,  0,35189872,1433, 35.1899, 0,0xb0,     , 64, 53
  3,  0,35199936,1434, 35.1999, 0,0xb0,     , 64, 36
  3,  0,35208843,1435, 35.2088, 0,0x90,   D3, 50, 30
  3,  0,35209834,1436, 35.2098, 0,0xb0,     , 64, 23
  3,  0,35219677,1437, 35.2197, 0,0x90,   B1, 35, 32
  3,  0,35220840,1438, 35.2208, 0,0xb0,     , 64, 12
  3,  0,35221800,1439, 35.2218, 0,0xb0,     , 67,  5
  3,  0,35222753,1440, 35.2228, 0,0x90,   F2, 41, 32
  3,  0,35229846,1441, 35.2298, 0,0xb0,     , 64,  3
  3,  0,35239900,1442, 35.2399, 0,0xb0,     , 64,  0
  3,  0,35289843,1443, 35.2898, 0,0xb0,     , 67,  4
  3,  0,35299847,1444, 35.2998, 0,0xb0,     , 67,  5
  3,  0,35309915,1445, 35.3099, 0,0xb0,     , 67,  4
  3,  0,35329980,1446, 35.3300, 0,0xb0,     , 64,  5
  3,  0,35339906,1447, 35.3399, 0,0xb0,     , 64, 12
  3,  0,35349906,1448, 35.3499, 0,0xb0,     , 64, 21
  3,  0,35359942,1449, 35.3599, 0,0xb0,     , 64, 32
  3,  0,35360879,1450, 35.3609, 0,0xb0,     , 67,  5
  3,  0,35369918,1451, 35.3699, 0,0xb0,     , 64, 42
  3,  0,35379886,1452, 35.3799, 0,0xb0,     , 64, 53
  3,  0,35389851,1453, 35.3899, 0,0xb0,     , 64, 65
  3,  0,35390807,1454, 35.3908, 0,0xb0,     , 67,  4
  3,  0,35399853,1455, 35.3999, 0,0xb0,     , 64, 76
  3,  0,35400808,1456, 35.4008, 0,0xb0,     , 67,  3
  3,  0,35409908,1457, 35.4099, 0,0xb0,     , 64, 90
  3,  0,35410846,1458, 35.4108, 0,0xb0,     , 67,  0
  3,  0,35419883,1459, 35.4199, 0,0xb0,     , 64,103
  3,  0,35428853,1460, 35.4289, 0,0x80,     , 35,  0
  3,  0,35429881,1461, 35.4299, 0,0xb0,     , 64,114
  3,  0,35439855,1462, 35.4399, 0,0xb0,     , 64,121
  3,  0,35447914,1463, 35.4479, 0,0x80,     , 57,  0
  3,  0,35449843,1464, 35.4498, 0,0xb0,     , 64,125
  3,  0,35453845,1465, 35.4538, 0,0x80,     , 41,  0
  3,  0,35459914,1466, 35.4599, 0,0xb0,     , 64,127
  3,  0,35537856,1467, 35.5379, 0,0x80,     , 50,  0
  3,  0,35874908,1468, 35.8749, 0,0x90,   C6, 84, 78
  3,  0,35908873,1469, 35.9089, 0,0x80,     , 84,  0
  3,  0,35949936,1470, 35.9499, 0,0x90,   C6, 84,114
  3,  0,35961865,1471, 35.9619, 0,0x90,   D4, 62,102
  3,  0,36040912,1472, 36.0409, 0,0x80,     , 84,  0
  3,  0,36094914,1473, 36.0949, 0,0x80,     , 62,  0
  3,  0,36549993,1474, 36.5500, 0,0xb0,     , 64,122
  3,  0,36559991,1475, 36.5600, 0,0xb0,     , 64,117
  3,  0,36569991,1476, 36.5700, 0,0xb0,     , 64,109
  3,  0,36579934,1477, 36.5799, 0,0xb0,     , 64, 98
  3,  0,36589957,1478, 36.5900, 0,0xb0,     , 64, 86
  3,  0,36599958,1479, 36.6000, 0,0xb0,     , 64, 72
  3,  0,36610013,1480, 36.6100, 0,0xb0,     , 64, 61
  3,  0,36619931,1481, 36.6199, 0,0xb0,     , 64, 50
  3,  0,36620901,1482, 36.6209, 0,0xb0,     , 67,  3
  3,  0,36622935,1483, 36.6229, 0,0x90,   D3, 50, 13
  3,  0,36626935,1484, 36.6269, 0,0x90,   A3, 57, 36
  3,  0,36628145,1485, 36.6281, 0,0x80,     , 66,  0
  3,  0,36629962,1486, 36.6300, 0,0xb0,     , 64, 42
  3,  0,36630934,1487, 36.6309, 0,0x90,   B1, 35, 11
  3,  0,36639959,1488, 36.6400, 0,0xb0,     , 64, 35
  3,  0,36640897,1489, 36.6409, 0,0xb0,     , 67,  4
  3,  0,36641897,1490, 36.6419, 0,0x90,   F2, 41, 14
  3,  0,36649932,1491, 36.6499, 0,0xb0,     , 64, 30
  3,  0,36659965,1492, 36.6600, 0,0xb0,     , 64, 26
  3,  0,36670082,1493, 36.6701, 0,0xb0,     , 64, 24
  3,  0,36679969,1494, 36.6800, 0,0xb0,     , 64, 23
  3,  0,36689933,1495, 36.6899, 0,0xb0,     , 64, 24
  3,  0,36699964,1496, 36.7000, 0,0xb0,     , 64, 25
  3,  0,36710907,1497, 36.7109, 0,0xb0,     , 64, 29
  3,  0,36719936,1498, 36.7199, 0,0xb0,     , 64, 33
  3,  0,36729965,1499, 36.7300, 0,0xb0,     , 64, 38
  3,  0,36739939,1500, 36.7399, 0,0xb0,     , 64, 42
  3,  0,36749965,1501, 36.7500, 0,0xb0,     , 64, 47
  3,  0,36759964,1502, 36.7600, 0,0xb0,     , 64, 51
  3,  0,36769937,1503, 36.7699, 0,0xb0,     , 64, 54
  3,  0,36770907,1504, 36.7709, 0,0xb0,     , 67,  5
  3,  0,36779982,1505, 36.7800, 0,0xb0,     , 64, 58
  3,  0,36789945,1506, 36.7899, 0,0xb0,     , 64, 62
  3,  0,36799969,1507, 36.8000, 0,0xb0,     , 64, 66
  3,  0,36800903,1508, 36.8009, 0,0xb0,     , 67,  4
  3,  0,36809967,1509, 36.8100, 0,0xb0,     , 64, 70
  3,  0,36819940,1510, 36.8199, 0,0xb0,     , 64, 75
  3,  0,36820910,1511, 36.8209, 0,0x80,     , 57,  0
  3,  0,36830030,1512, 36.8300, 0,0xb0,     , 64, 80
  3,  0,36839874,1513, 36.8399, 0,0xb0,     , 64, 85
  3,  0,36844834,1514, 36.8448, 0,0x90,  D#4, 63, 44
  3,  0,36849820,1515, 36.8498, 0,0xb0,     , 64, 91
  3,  0,36860088,1516, 36.8601, 0,0xb0,     , 64, 97
  3,  0,36869942,1517, 36.8699, 0,0xb0,     , 64,102
  3,  0,36879983,1518, 36.8800, 0,0xb0,     , 64,108
  3,  0,36880906,1519, 36.8809, 0,0xb0,     , 67,  3
  3,  0,36889970,1520, 36.8900, 0,0xb0,     , 64,114
  3,  0,36899946,1521, 36.8999, 0,0xb0,     , 64,119
  3,  0,36906974,1522, 36.9070, 0,0x80,     , 63,  0
  3,  0,36909975,1523, 36.9100, 0,0xb0,     , 64,122
  3,  0,36919970,1524, 36.9200, 0,0xb0,     , 64,123
  3,  0,36930125,1525, 36.9301, 0,0xb0,     , 64,124
  3,  0,36939988,1526, 36.9400, 0,0xb0,     , 67,  0
  3,  0,36949945,1527, 36.9499, 0,0xb0,     , 64,123
  3,  0,36950915,1528, 36.9509, 0,0x90,   B3, 59, 44
  3,  0,36962410,1529, 36.9624, 0,0xb0,     , 64,124
  3,  0,36979974,1530, 36.9800, 0,0xb0,     , 64,125
  3,  0,37000010,1531, 37.0000, 0,0xb0,     , 64,127
  3,  0,37017979,1532, 37.0180, 0,0x90,  G#4, 68, 58
  3,  0,37039703,1533, 37.0397, 0,0x80,     , 59,  0
  3,  0,37049947,1534, 37.0499, 0,0x80,     , 50,  0
  3,  0,37066981,1535, 37.0670, 0,0x80,     , 68,  0
  3,  0,37102983,1536, 37.1030, 0,0x90,  D#4, 63, 60
  3,  0,37146982,1537, 37.1470, 0,0x80,     , 63,  0
  3,  0,37182848,1538, 37.1828, 0,0x90,  G#4, 68, 63
  3,  0,37220988,1539, 37.2210, 0,0x80,     , 68,  0
  3,  0,37247838,1540, 37.2478, 0,0x90,  D#4, 63, 69
  3,  0,37291851,1541, 37.2919, 0,0x80,     , 41,  0
  3,  0,37319886,1542, 37.3199, 0,0x90,  G#4, 68, 65
  3,  0,37326835,1543, 37.3268, 0,0x80,     , 35,  0
  3,  0,37352841,1544, 37.3528, 0,0x80,     , 63,  0
  3,  0,37399843,1545, 37.3998, 0,0xb0,     , 67,  2
  3,  0,37409845,1546, 37.4098, 0,0xb0,     , 67,  3
  3,  0,37412843,1547, 37.4128, 0,0x90,   B3, 59, 58
  3,  0,37427845,1548, 37.4278, 0,0x80,     , 68,  0
  3,  0,37429857,1549, 37.4299, 0,0xb0,     , 67,  4
  3,  0,37449846,1550, 37.4498, 0,0xb0,     , 64,124
  3,  0,37450806,1551, 37.4508, 0,0xb0,     , 67,  5
  3,  0,37459866,1552, 37.4599, 0,0xb0,     , 64,122
  3,  0,37469847,1553, 37.4698, 0,0xb0,     , 64,118
  3,  0,37479859,1554, 37.4799, 0,0xb0,     , 64,111
  3,  0,37489855,1555, 37.4899, 0,0xb0,     , 64,103
  3,  0,37499849,1556, 37.4998, 0,0xb0,     , 64, 92
  3,  0,37509854,1557, 37.5099, 0,0xb0,     , 64, 79
  3,  0,37512848,1558, 37.5128, 0,0x80,     , 59,  0
  3,  0,37519848,1559, 37.5198, 0,0xb0,     , 64, 67
  3,  0,37520810,1560, 37.5208, 0,0xb0,     , 67,  6
  3,  0,37529969,1561, 37.5300, 0,0xb0,     , 64, 56
  3,  0,37540009,1562, 37.5400, 0,0xb0,     , 64, 46
  3,  0,37549969,1563, 37.5500, 0,0xb0,     , 64, 39
  3,  0,37550941,1564, 37.5509, 0,0xb0,     , 67,  7
  3,  0,37559974,1565, 37.5600, 0,0xb0,     , 64, 35
  3,  0,37561940,1566, 37.5619, 0,0x90,   G1, 31, 46
  3,  0,37570006,1567, 37.5700, 0,0xb0,     , 64, 32
  3,  0,37570935,1568, 37.5709, 0,0xb0,     , 67,  6
  3,  0,37580029,1569, 37.5800, 0,0xb0,     , 64, 30
  3,  0,37610014,1570, 37.6100, 0,0xb0,     , 64, 32
  3,  0,37610977,1571, 37.6110, 0,0xb0,     , 67,  7
  3,  0,37621037,1572, 37.6210, 0,0xb0,     , 64, 34
  3,  0,37630039,1573, 37.6300, 0,0xb0,     , 64, 37
  3,  0,37630937,1574, 37.6309, 0,0xb0,     , 67,  8
  3,  0,37640012,1575, 37.6400, 0,0xb0,     , 64, 40
  3,  0,37649974,1576, 37.6500, 0,0xb0,     , 64, 43
  3,  0,37660012,1577, 37.6600, 0,0xb0,     , 64, 46
  3,  0,37660939,1578, 37.6609, 0,0xb0,     , 67,  7
  3,  0,37670006,1579, 37.6700, 0,0xb0,     , 64, 48
  3,  0,37670943,1580, 37.6709, 0,0xb0,     , 67,  8
  3,  0,37680041,1581, 37.6800, 0,0xb0,     , 64, 51
  3,  0,37680939,1582, 37.6809, 0,0xb0,     , 67,  7
  3,  0,37690010,1583, 37.6900, 0,0xb0,     , 64, 54
  3,  0,37690940,1584, 37.6909, 0,0xb0,     , 67,  8
  3,  0,37700004,1585, 37.7000, 0,0xb0,     , 64, 57
  3,  0,37709980,1586, 37.7100, 0,0xb0,     , 64, 61
  3,  0,37720008,1587, 37.7200, 0,0xb0,     , 64, 65
  3,  0,37730039,1588, 37.7300, 0,0xb0,     , 64, 69
  3,  0,37739999,1589, 37.7400, 0,0xb0,     , 64, 74
  3,  0,37740947,1590, 37.7409, 0,0xb0,     , 67,  9
  3,  0,37749982,1591, 37.7500, 0,0xb0,     , 64, 79
  3,  0,37750938,1592, 37.7509, 0,0xb0,     , 67,  8
  3,  0,37760021,1593, 37.7600, 0,0xb0,     , 64, 85
  3,  0,37760943,1594, 37.7609, 0,0xb0,     , 67,  9
  3,  0,37770010,1595, 37.7700, 0,0xb0,     , 64, 91
  3,  0,37770946,1596, 37.7709, 0,0xb0,     , 67,  8
  3,  0,37780009,1597, 37.7800, 0,0xb0,     , 64, 96
  3,  0,37782983,1598, 37.7830, 0,0x90,   A0, 21, 50
  3,  0,37790001,1599, 37.7900, 0,0xb0,     , 64,102
  3,  0,37800007,1600, 37.8000, 0,0xb0,     , 64,108
  3,  0,37810016,1601, 37.8100, 0,0xb0,     , 64,113
  3,  0,37810945,1602, 37.8109, 0,0xb0,     , 67,  7
  3,  0,37820013,1603, 37.8200, 0,0xb0,     , 64,117
  3,  0,37829984,1604, 37.8300, 0,0xb0,     , 64,120
  3,  0,37840055,1605, 37.8401, 0,0xb0,     , 64,121
  3,  0,37849981,1606, 37.8500, 0,0xb0,     , 64,122
  3,  0,37876020,1607, 37.8760, 0,0x80,     , 21,  0
  3,  0,37889993,1608, 37.8900, 0,0xb0,     , 67,  8
  3,  0,37891954,1609, 37.8920, 0,0x80,     , 31,  0
  3,  0,37900275,1610, 37.9003, 0,0xb0,     , 67,  7
  3,  0,37940023,1611, 37.9400, 0,0xb0,     , 67,  6
  3,  0,37970144,1612, 37.9701, 0,0xb0,     , 67,  7
  3,  0,38019968,1613, 38.0200, 0,0xb0,     , 67,  6
  3,  0,38039968,1614, 38.0400, 0,0xb0,     , 64,121
  3,  0,38049961,1615, 38.0500, 0,0xb0,     , 64,118
  3,  0,38059922,1616, 38.0599, 0,0xb0,     , 64,113
  3,  0,38069960,1617, 38.0700, 0,0xb0,     , 64,105
  3,  0,38079960,1618, 38.0800, 0,0xb0,     , 64, 94
  3,  0,38089967,1619, 38.0900, 0,0xb0,     , 64, 81
  3,  0,38099921,1620, 38.0999, 0,0xb0,     , 64, 68
  3,  0,38109969,1621, 38.1100, 0,0xb0,     , 64, 55
  3,  0,38119963,1622, 38.1200, 0,0xb0,     , 64, 44
  3,  0,38129962,1623, 38.1300, 0,0xb0,     , 64, 34
  3,  0,38139968,1624, 38.1400, 0,0xb0,     , 64, 26
  3,  0,38149965,1625, 38.1500, 0,0xb0,     , 64, 20
  3,  0,38157970,1626, 38.1580, 0,0x90,   D3, 50, 86
  3,  0,38159916,1627, 38.1599, 0,0xb0,     , 64, 16
  3,  0,38163966,1628, 38.1640, 0,0x90,   F2, 41, 83
  3,  0,38168966,1629, 38.1690, 0,0x90,  C#2, 37, 90
  3,  0,38169897,1630, 38.1699, 0,0xb0,     , 64, 14
  3,  0,38170869,1631, 38.1709, 0,0xb0,     , 67,  5
  3,  0,38171835,1632, 38.1718, 0,0x90,   B0, 23, 86
  3,  0,38179965,1633, 38.1800, 0,0xb0,     , 64, 15
  3,  0,38180922,1634, 38.1809, 0,0xb0,     , 67,  6
  3,  0,38189972,1635, 38.1900, 0,0xb0,     , 64, 17
  3,  0,38199966,1636, 38.2000, 0,0xb0,     , 64, 20
  3,  0,38209972,1637, 38.2100, 0,0xb0,     , 64, 25
  3,  0,38210923,1638, 38.2109, 0,0xb0,     , 67,  5
  3,  0,38220055,1639, 38.2201, 0,0xb0,     , 64, 30
  3,  0,38220997,1640, 38.2210, 0,0xb0,     , 67,  6
  3,  0,38229916,1641, 38.2299, 0,0xb0,     , 64, 36
  3,  0,38239970,1642, 38.2400, 0,0xb0,     , 64, 41
  3,  0,38240925,1643, 38.2409, 0,0xb0,     , 67,  7
  3,  0,38249970,1644, 38.2500, 0,0xb0,     , 64, 47
  3,  0,38259933,1645, 38.2599, 0,0xb0,     , 64, 51
  3,  0,38269972,1646, 38.2700, 0,0xb0,     , 64, 55
  3,  0,38270926,1647, 38.2709, 0,0xb0,     , 67,  6
  3,  0,38279968,1648, 38.2800, 0,0xb0,     , 64, 59
  3,  0,38289973,1649, 38.2900, 0,0xb0,     , 64, 64
  3,  0,38299970,1650, 38.3000, 0,0xb0,     , 64, 70
  3,  0,38309979,1651, 38.3100, 0,0xb0,     , 64, 76
  3,  0,38319930,1652, 38.3199, 0,0xb0,     , 64, 81
  3,  0,38329891,1653, 38.3299, 0,0xb0,     , 64, 87
  3,  0,38330874,1654, 38.3309, 0,0xb0,     , 67,  7
  3,  0,38339935,1655, 38.3399, 0,0xb0,     , 64, 92
  3,  0,38349930,1656, 38.3499, 0,0xb0,     , 64, 96
  3,  0,38360042,1657, 38.3600, 0,0xb0,     , 64,100
  3,  0,38369008,1658, 38.3690, 0,0x80,     , 37,  0
  3,  0,38369976,1659, 38.3700, 0,0xb0,     , 64,103
  3,  0,38370930,1660, 38.3709, 0,0xb0,     , 67,  6
  3,  0,38380289,1661, 38.3803, 0,0xb0,     , 64,105
  3,  0,38390037,1662, 38.3900, 0,0xb0,     , 64,107
  3,  0,38400074,1663, 38.4001, 0,0xb0,     , 64,108
  3,  0,38400975,1664, 38.4010, 0,0xb0,     , 67,  5
  3,  0,38421069,1665, 38.4211, 0,0x80,     , 23,  0
  3,  0,38479946,1666, 38.4799, 0,0xb0,     , 64,107
  3,  0,38489887,1667, 38.4899, 0,0xb0,     , 64,106
  3,  0,38499936,1668, 38.4999, 0,0xb0,     , 64,105
  3,  0,38509890,1669, 38.5099, 0,0xb0,     , 64,101
  3,  0,38519890,1670, 38.5199, 0,0xb0,     , 64, 97
  3,  0,38531041,1671, 38.5310, 0,0xb0,     , 64, 90
  3,  0,38540078,1672, 38.5401, 0,0xb0,     , 64, 81
  3,  0,38550010,1673, 38.5500, 0,0xb0,     , 64, 71
  3,  0,38560043,1674, 38.5600, 0,0xb0,     , 64, 61
  3,  0,38570048,1675, 38.5700, 0,0xb0,     , 64, 50
  3,  0,38580016,1676, 38.5800, 0,0xb0,     , 64, 40
  3,  0,38590076,1677, 38.5901, 0,0xb0,     , 64, 28
  3,  0,38600066,1678, 38.6001, 0,0xb0,     , 64, 19
  3,  0,38610047,1679, 38.6100, 0,0xb0,     , 64, 10
  3,  0,38620060,1680, 38.6201, 0,0xb0,     , 64,  4
  3,  0,38630239,1681, 38.6302, 0,0xb0,     , 64,  0
  3,  0,38640080,1682, 38.6401, 0,0xb0,     , 67,  4
  3,  0,38646015,1683, 38.6460, 0,0x90,   G1, 31, 89
  3,  0,38650041,1684, 38.6500, 0,0xb0,     , 67,  3
  3,  0,38660015,1685, 38.6600, 0,0xb0,     , 67,  0
  3,  0,38745136,1686, 38.7451, 0,0x90,   A0, 21,113
  3,  0,38757052,1687, 38.7571, 0,0x80,     , 31,  0
  3,  0,39090065,1688, 39.0901, 0,0xb0,     , 64,  2
  3,  0,39100066,1689, 39.1001, 0,0xb0,     , 64,  7
  3,  0,39110036,1690, 39.1100, 0,0xb0,     , 64, 15
  3,  0,39120127,1691, 39.1201, 0,0xb0,     , 64, 24
  3,  0,39130065,1692, 39.1301, 0,0xb0,     , 64, 33
  3,  0,39140036,1693, 39.1400, 0,0xb0,     , 64, 42
  3,  0,39150096,1694, 39.1501, 0,0xb0,     , 64, 49
  3,  0,39160092,1695, 39.1601, 0,0xb0,     , 64, 54
  3,  0,39170216,1696, 39.1702, 0,0xb0,     , 64, 59
  3,  0,39180074,1697, 39.1801, 0,0xb0,     , 64, 65
  3,  0,39189959,1698, 39.1900, 0,0xb0,     , 64, 72
  3,  0,39199966,1699, 39.2000, 0,0xb0,     , 64, 80
  3,  0,39210068,1700, 39.2101, 0,0xb0,     , 64, 89
  3,  0,39219913,1701, 39.2199, 0,0xb0,     , 64, 99
  3,  0,39229933,1702, 39.2299, 0,0xb0,     , 64,108
  3,  0,39239920,1703, 39.2399, 0,0xb0,     , 64,116
  3,  0,39249920,1704, 39.2499, 0,0xb0,     , 64,121
  3,  0,39259922,1705, 39.2599, 0,0xb0,     , 64,124
  3,  0,39265923,1706, 39.2659, 0,0x80,     , 21,  0
  3,  0,39269970,1707, 39.2700, 0,0xb0,     , 64,127
  3,  0,39286921,1708, 39.2869, 0,0x80,     , 41,  0
  3,  0,39297924,1709, 39.2979, 0,0x80,     , 50,  0
  3,  0,39471946,1710, 39.4719, 0,0x90,   F2, 41,124
  3,  0,39472928,1711, 39.4729, 0,0x90,   D3, 50,122
  3,  0,39477928,1712, 39.4779, 0,0x90,   B0, 23,102
  3,  0,39478928,1713, 39.4789, 0,0x90,  C#2, 37,111
  3,  0,39523979,1714, 39.5240, 0,0x90,  F#1, 30, 40
  3,  0,39580088,1715, 39.5801, 0,0xb0,     , 64,124
  3,  0,39590125,1716, 39.5901, 0,0xb0,     , 64,119
  3,  0,39600084,1717, 39.6001, 0,0xb0,     , 64,110
  3,  0,39610109,1718, 39.6101, 0,0xb0,     , 64, 97
  3,  0,39620083,1719, 39.6201, 0,0xb0,     , 64, 82
  3,  0,39624056,1720, 39.6241, 0,0x80,     , 30,  0
  3,  0,39630083,1721, 39.6301, 0,0xb0,     , 64, 64
  3,  0,39640120,1722, 39.6401, 0,0xb0,     , 64, 43
  3,  0,39650091,1723, 39.6501, 0,0xb0,     , 64, 29
  3,  0,39660123,1724, 39.6601, 0,0xb0,     , 64, 16
  3,  0,39670091,1725, 39.6701, 0,0xb0,     , 64,  8
  3,  0,39680120,1726, 39.6801, 0,0xb0,     , 64,  3
  3,  0,39700088,1727, 39.7001, 0,0xb0,     , 64,  0
  3,  0,39846129,1728, 39.8461, 0,0x80,     , 37,  0
  3,  0,39857134,1729, 39.8571, 0,0x80,     , 41,  0
  3,  0,39921128,1730, 39.9211, 0,0x80,     , 23,  0
  3,  0,39941098,1731, 39.9411, 0,0x80,     , 50,  0
